Cluster Composition,Cluster Ancestor,Representative sequence,Max Score,Total Score,Query Cover,E value,Per. ident,Acc. Len,Accession  ,Is the orientation ncKwa?,Any other defence system on same loci?,Other systems present,Remarks,Phylum,Order
3 member(s) 2 organism(s),firmicutes,Kiwa anti-phage protein KwaB-like domain-containing protein [Peribacillus frigoritolerans],298,298,99%,4.00E-97,34.67,304,WP_283867482.1,Yes,No,,,Bacillota,Bacillales
2 member(s) 1 organism(s),firmicutes,Kiwa anti-phage protein KwaB-like domain-containing protein [Peribacillus loiseleuriae],296,296,99%,5.00E-96,37,304,WP_049680884.1,N/A,N/A ,,Seems to only have ncKwaB,Bacillota,Bacillales
1 member(s) 1 organism(s),firmicutes,Kiwa anti-phage protein KwaB-like domain-containing protein [Priestia megaterium],295,295,100%,7.00E-96,37.25,307,MGG0387825.1,N/A,N/A ,,Seems to only have ncKwaB,Bacillota,Bacillales
1 member(s) 1 organism(s),firmicutes,Kiwa anti-phage protein KwaB-like domain-containing protein [Peribacillus muralis],293,293,99%,6.00E-95,37.33,304,WP_427661740.1,N/A,N/A ,,Seems to only have ncKwaB,Bacillota,Bacillales
1 member(s) 1 organism(s),firmicutes,Kiwa anti-phage protein KwaB-like domain-containing protein [Niallia taxi],292,292,99%,1.00E-94,36.33,304,WP_182101841.1,Yes,No,,,Bacillota,Bacillales
1 member(s) 1 organism(s),firmicutes,Kiwa anti-phage protein KwaB-like domain-containing protein [Bacillus sp. BHET2],289,289,100%,2.00E-93,36.51,305,WP_138777794.1,N/A,N/A ,,,Bacillota,Bacillales
3 member(s) 2 organism(s),Bacillus rRNA group 1,Kiwa anti-phage protein KwaB-like domain-containing protein [Bacillus sp. V33-4],289,289,99%,3.00E-93,38.74,307,WP_101665594.1,Yes,No,,,Bacillota,Bacillales
1 member(s) 1 organism(s),firmicutes,Kiwa anti-phage protein KwaB-like domain-containing protein [Geobacillus stearothermophilus],283,283,99%,2.00E-91,33.99,302,WP_429883001.1,N/A,N/A ,,,Bacillota,Bacillales
1 member(s) 1 organism(s),firmicutes,DUF4868 domain-containing protein [Bacillus sp. (in: firmicutes)],282,282,100%,7.00E-91,35.53,304,MBQ6448593.1,Yes,No,,,Bacillota,Bacillales
2 member(s) 1 organism(s),firmicutes,Kiwa anti-phage protein KwaB-like domain-containing protein [Bacillus safensis],282,282,100%,1.00E-90,36.84,304,WP_283859619.1,Yes,No,,,Bacillota,Bacillales
1 member(s) 1 organism(s),firmicutes,Kiwa anti-phage protein KwaB-like domain-containing protein [Priestia flexa],281,281,100%,2.00E-90,33.22,304,WP_239429037.1,Yes,No,,,Bacillota,Bacillales
3 member(s) 3 organism(s),firmicutes,MULTISPECIES: Kiwa anti-phage protein KwaB-like domain-containing protein [Bacillus cereus group],280,280,96%,5.00E-90,36.21,304,WP_098886959.1,Yes,No,,,Bacillota,Bacillales
3 member(s) 3 organism(s),Bacillus rRNA group 1,Kiwa anti-phage protein KwaB-like domain-containing protein [Bacillus swezeyi],275,275,96%,5.00E-88,38.62,304,WP_327833488.1,Yes,No,,,Bacillota,Bacillales
1 member(s) 1 organism(s),viruses,MAG TPA: protein of unknown function (DUF4868) [Caudoviricetes sp.],274,274,99%,2.00E-87,41.81,301,DAS74339.1,Yes,N/A ,,DUF722 beside,Uroviricota,Caudovirales
1 member(s) 1 organism(s),firmicutes,Kiwa anti-phage protein KwaB-like domain-containing protein [Paenibacillus dokdonensis],272,272,100%,9.00E-87,34.75,306,WP_326090554.1,Yes,No,,,Bacillota,Bacillales
1 member(s) 1 organism(s),firmicutes,Kiwa anti-phage protein KwaB-like domain-containing protein [Lysinibacillus sphaericus],271,271,99%,1.00E-86,35.53,306,WP_024364767.1,Yes,No,,,Bacillota,Bacillales
1 member(s) 1 organism(s),firmicutes,Kiwa anti-phage protein KwaB-like domain-containing protein [Paenibacillus sp.],271,271,100%,2.00E-86,36.18,304,WP_421885896.1,N/A,N/A ,,,Bacillota,Bacillales
2 member(s) 1 organism(s),firmicutes,Kiwa anti-phage protein KwaB-like domain-containing protein [Gracilibacillus sp. JCM 18860],271,271,100%,3.00E-86,37.13,308,WP_054859148.1,Yes,No,,,Bacillota,Bacillales
3 member(s) 2 organism(s),firmicutes,MULTISPECIES: Kiwa anti-phage protein KwaB-like domain-containing protein [Bacillus cereus group],270,270,96%,4.00E-86,35.86,307,WP_088034531.1,Yes,No,,,Bacillota,Bacillales
1 member(s) 1 organism(s),firmicutes,DUF4868 domain-containing protein [Priestia megaterium],269,269,100%,8.00E-86,36.48,307,TYR81104.1,Yes,No,,,Bacillota,Bacillales
1 member(s) 1 organism(s),firmicutes,Kiwa anti-phage protein KwaB-like domain-containing protein [Paenibacillus popilliae],269,269,100%,1.00E-85,36.72,305,WP_006286639.1,N/A,N/A ,,Seems to only have ncKwaB,Bacillota,Bacillales
1 member(s) 1 organism(s),firmicutes,Kiwa anti-phage protein KwaB-like domain-containing protein [Eubacteriaceae bacterium],269,269,100%,1.00E-85,38.24,307,MFZ7119502.1,Yes,No,,,Bacillota,Eubacteriales
1 member(s) 1 organism(s),firmicutes,Kiwa anti-phage protein KwaB-like domain-containing protein [Metaclostridioides mangenotii],268,268,100%,2.00E-85,37.38,307,WP_304341590.1,Yes,No,,,Bacillota,Peptostreptococcales
1 member(s) 1 organism(s),firmicutes,Kiwa anti-phage protein KwaB-like domain-containing protein [Faecalispora sporosphaeroides],268,268,100%,4.00E-85,39.27,302,WP_412370780.1,Yes,No,,,Bacillota,Eubacteriales
1 member(s) 1 organism(s),firmicutes,Kiwa anti-phage protein KwaB-like domain-containing protein [Natribacillus halophilus],266,266,100%,3.00E-84,36.27,307,WP_176764566.1,Yes,No,,,Bacillota,Bacillales
1 member(s) 1 organism(s),firmicutes,Kiwa anti-phage protein KwaB-like domain-containing protein [Clostridium sp.],265,265,100%,3.00E-84,38.56,306,MGL4730898.1,Yes,Yes,RM type I,,Bacillota,Eubacteriales
1 member(s) 1 organism(s),firmicutes,DUF4868 domain-containing protein [Dialister sp.],264,264,99%,1.00E-83,37.21,301,MBD9032026.1,Yes,No,,,Bacillota,Veillonellales
1 member(s) 1 organism(s),,Kiwa anti-phage protein KwaB-like domain-containing protein [Mediterraneibacter sp. HA8405],264,264,100%,2.00E-83,38.31,310,WP_474543037.1,Yes,No,,,Bacillota,Lachnospirales
2 member(s) 1 organism(s),viruses,MAG TPA: protein of unknown function (DUF4868) [Caudoviricetes sp.],261,261,94%,1.00E-82,39.16,302,DAK86486.1,Yes,N/A ,,DUF722 beside,Uroviricota,Caudovirales
1 member(s) 1 organism(s),firmicutes,MULTISPECIES: Kiwa anti-phage protein KwaB-like domain-containing protein [Bacillus subtilis group],261,261,100%,1.00E-82,34.31,306,WP_256766802.1,Yes,No,,,Bacillota,Bacillales
1 member(s) 1 organism(s),firmicutes,phage protein [Geomicrobium sp. JCM 19039],263,263,99%,2.00E-82,36.27,375,GAK12229.1,N/A,N/A ,,Seems to only have ncKwaB,Bacillota,Bacillales
1 member(s) 1 organism(s),firmicutes,Kiwa anti-phage protein KwaB-like domain-containing protein [uncultured Granulicatella sp.],261,261,100%,2.00E-82,85.43,309,WP_314852142.1,Yes,Yes,RM type I & PDC-S13 & PDC-S05 & PDC-S32 & PDC-S11 & PDC-S30,,Bacillota,Lactobacillales
1 member(s) 1 organism(s),firmicutes,Kiwa anti-phage protein KwaB-like domain-containing protein [Oceanobacillus sp. Castelsardo],261,261,100%,2.00E-82,35.29,307,WP_197482139.1,Yes,No,,,Bacillota,Bacillales
3 member(s) 3 organism(s),bacteria,Kiwa anti-phage protein KwaB-like domain-containing protein [Peptoniphilus rachelemmaiella],260,260,100%,4.00E-82,94.37,302,WP_215506606.1,Yes,Yes,RM type II & VSPR,,Bacillota,Tissierellales
1 member(s) 1 organism(s),firmicutes,Kiwa anti-phage protein KwaB-like domain-containing protein [Lacrimispora indolis],260,260,100%,5.00E-82,40.92,300,WP_024295645.1,N/A,N/A ,,Seems to only have ncKwaB,Bacillota,Lachnospirales
1 member(s) 1 organism(s),firmicutes,Kiwa anti-phage protein KwaB-like domain-containing protein [Alkalicoccobacillus plakortidis],259,259,100%,8.00E-82,34.97,305,WP_251606486.1,Yes,No,,,Bacillota,Bacillales
1 member(s) 1 organism(s),firmicutes,Kiwa anti-phage protein KwaB-like domain-containing protein [Clostridium tyrobutyricum],259,259,100%,1.00E-81,39.87,307,WP_323419613.1,Yes,No,,,Bacillota,Eubacteriales
1 member(s) 1 organism(s),firmicutes,Kiwa anti-phage protein KwaB-like domain-containing protein [Finegoldia magna],259,259,100%,1.00E-81,76.9,303,WP_412308854.1,Yes,Yes,DMS other,,Bacillota,Tissierellales
1 member(s) 1 organism(s),viruses,MAG TPA: protein of unknown function (DUF4868) [Caudoviricetes sp.],258,258,94%,1.00E-81,42.25,284,DAN29227.1,Yes,N/A ,,DUF722 beside,Uroviricota,Caudovirales
2 member(s) 1 organism(s),firmicutes,Kiwa anti-phage protein KwaB-like domain-containing protein [Mediterraneibacter gnavus],259,259,100%,1.00E-81,35.06,310,WP_118038936.1,Yes,No,,,Bacillota,Lachnospirales
3 member(s) 2 organism(s),Bacillus rRNA group 1,Kiwa anti-phage protein KwaB-like domain-containing protein [Bacillus altitudinis],258,258,100%,2.00E-81,33.66,306,WP_327872375.1,Yes,No,,,Bacillota,Bacillales
1 member(s) 1 organism(s),firmicutes,DUF4868 domain-containing protein [Ruminococcus sp.],258,258,100%,4.00E-81,38.89,307,MBA4699214.1,Yes,No,,,Bacillota,Eubacteriales
2 member(s) 1 organism(s),firmicutes,Kiwa anti-phage protein KwaB-like domain-containing protein [Clostridium paraputrificum],257,257,100%,9.00E-81,37.91,306,WP_271815279.1,Yes,No,,,Bacillota,Eubacteriales
2 member(s) 1 organism(s),firmicutes,Kiwa anti-phage protein KwaB-like domain-containing protein [Megasphaera coli],256,256,99%,9.00E-81,41.12,304,WP_441562088.1,Yes,No,,Two ncKwa systems on different loci,Bacillota,Veillonellales
1 member(s) 1 organism(s),firmicutes,Kiwa anti-phage protein KwaB-like domain-containing protein [Clostridium perfringens],256,256,100%,1.00E-80,37.58,306,WP_164818873.1,Yes,Yes,PDC-S16,,Bacillota,Eubacteriales
1 member(s) 1 organism(s),Bacillus rRNA group 1,MULTISPECIES: Kiwa anti-phage protein KwaB-like domain-containing protein [Bacillus],255,255,100%,4.00E-80,35.41,305,WP_339180893.1,Yes,No,,,Bacillota,Bacillales
2 member(s) 2 organism(s),firmicutes,Kiwa anti-phage protein KwaB-like domain-containing protein [Fusibacter tunisiensis],254,254,100%,6.00E-80,76.49,302,WP_204665468.1,Yes,No,,,Bacillota,Eubacteriales
13 member(s) 2 organism(s),root,DUF4868 domain-containing protein [Clostridioides difficile],254,254,100%,1.00E-79,38.56,314,WP_015981549.1,Yes,No,,,Bacillota,Peptostreptococcales
5 member(s) 4 organism(s),firmicutes,Kiwa anti-phage protein KwaB-like domain-containing protein [Dolosigranulum pigrum],253,253,99%,2.00E-79,79,304,WP_111950632.1,Yes,Yes,RM type III,,Bacillota,Lactobacillales
1 member(s) 1 organism(s),firmicutes,Kiwa anti-phage protein KwaB-like domain-containing protein [Gracilibacillus sp. YIM 98692],253,253,99%,3.00E-79,33.67,304,WP_163537399.1,Yes,No,,,Bacillota,Bacillales
1 member(s) 1 organism(s),firmicutes,Kiwa anti-phage protein KwaB-like domain-containing protein [Phascolarctobacterium faecium],251,251,98%,1.00E-78,42.24,305,WP_418948267.1,Yes,No,,,Bacillota,Acidaminococcales
10 member(s) 7 organism(s),bacteria,Kiwa anti-phage protein KwaB-like domain-containing protein [Streptobacillus moniliformis],251,251,100%,2.00E-78,90.73,302,WP_064579705.1,Yes,Yes,PDC-S11 & RM type I & PrrC & PDC-S05 & VSPR & RM type II & DMS Other,,Fusobacteriota,Fusobacteriales
1 member(s) 1 organism(s),fusobacteria,Kiwa anti-phage protein KwaB-like domain-containing protein [Fusobacterium varium],250,250,100%,3.00E-78,51.49,299,WP_235238537.1,Yes,No,,,Fusobacteriota,Fusobacteriales
1 member(s) 1 organism(s),firmicutes,Kiwa anti-phage protein KwaB-like domain-containing protein [Bacillus sp. V3-13],249,249,100%,1.00E-77,35.95,304,WP_101658795.1,Yes,No,,,Bacillota,Bacillales
2 member(s) 1 organism(s),firmicutes,Kiwa anti-phage protein KwaB-like domain-containing protein [Paenibacillus crassostreae],248,248,99%,2.00E-77,32.01,307,WP_082865658.1,Yes,Yes,AbiE & RM type I,,Bacillota,Bacillales
1 member(s) 1 organism(s),firmicutes,Kiwa anti-phage protein KwaB-like domain-containing protein [Geomicrobium sp. JCM 19039],248,248,99%,2.00E-77,36.27,306,WP_042426180.1,N/A,N/A ,,Seems to only have ncKwaB,Bacillota,Bacillales
2 member(s) 1 organism(s),viruses,MAG TPA: protein of unknown function (DUF4868) [Caudoviricetes sp.],246,246,100%,1.00E-76,49.51,304,DAN32554.1,Yes,N/A ,,"Sigma factor AlgU negative regulatory factor, TRANSCRIPTION.96A nearby",Uroviricota,Caudovirales
1 member(s) 1 organism(s),firmicutes,Kiwa anti-phage protein KwaB-like domain-containing protein [Cohnella lupini],245,245,99%,3.00E-76,31.44,304,WP_115990456.1,Yes,No,,,Bacillota,Bacillales
1 member(s) 1 organism(s),bacteria,hypothetical protein [Candidatus Acidiferrum typicum],244,244,96%,1.00E-75,16.89,328,MCU1240742.1,No,N/A ,,,Acidobacteria,Candidatus Acidiferrales
1 member(s) 1 organism(s),firmicutes,Kiwa anti-phage protein KwaB-like domain-containing protein [Virgibacillus litoralis],243,243,100%,2.00E-75,27.45,307,WP_209481765.1,Yes,No,,,Bacillota,Bacillales
2 member(s) 1 organism(s),fusobacteria,Kiwa anti-phage protein KwaB-like domain-containing protein [Fusobacterium necrophorum],242,242,100%,3.00E-75,48.53,304,WP_285048631.1,Yes,No,,,Fusobacteriota,Fusobacteriales
1 member(s) 1 organism(s),firmicutes,Kiwa anti-phage protein KwaB-like domain-containing protein [Sinobaca qinghaiensis],242,242,100%,6.00E-75,33.01,307,WP_120192114.1,Yes,No,,,Bacillota,Bacillales
1 member(s) 1 organism(s),firmicutes,DUF4868 domain-containing protein [Oscillospiraceae bacterium],241,241,99%,1.00E-74,25.16,308,MBQ6999931.1,Yes,No,,,Bacillota,Eubacteriales
1 member(s) 1 organism(s),firmicutes,Kiwa anti-phage protein KwaB-like domain-containing protein [Schwartzia sp. (in: firmicutes)],241,241,98%,2.00E-74,23.1,318,MGP1471796.1,Yes,Yes,RM type II,,Bacillota,Selenomonadales
1 member(s) 1 organism(s),firmicutes,DUF4868 domain-containing protein [Clostridium sp.],239,239,100%,4.00E-74,40.07,298,MBS5720853.1,Yes,Yes,RM type I & PDC-S01,,Bacillota,Eubacteriales
3 member(s) 2 organism(s),firmicutes,Kiwa anti-phage protein KwaB-like domain-containing protein [Lentilactobacillus parabuchneri],240,240,99%,4.00E-74,38.96,308,WP_085012944.1,N/A,N/A ,,Seems to only have ncKwaB,Bacillota,Lactobacillales
1 member(s) 1 organism(s),firmicutes,Kiwa anti-phage protein KwaB-like domain-containing protein [Facklamia sp. P12955],239,239,100%,5.00E-74,79.8,302,WP_428876195.1,Yes,Yes,PDC-S02,,Bacillota,Lactobacillales
1 member(s) 1 organism(s),firmicutes,DUF4868 domain-containing protein [Lachnospiraceae bacterium],239,239,99%,5.00E-74,28.15,309,MDY4097229.1,Yes,Yes,PDC-S01,,Bacillota,Lachnospirales
1 member(s) 1 organism(s),firmicutes,Kiwa anti-phage protein KwaB-like domain-containing protein [Bacillus sp. ISL-57],237,237,83%,9.00E-74,30.68,258,WP_214773381.1,Yes,No,,,Bacillota,Bacillales
1 member(s) 1 organism(s),viruses,MAG TPA: protein of unknown function (DUF4868) [Caudoviricetes sp.],239,239,99%,1.00E-73,41.25,305,DAX62251.1,Yes,N/A ,,DUF722 beside,Uroviricota,Caudovirales
4 member(s) 2 organism(s),firmicutes,Kiwa anti-phage protein KwaB-like domain-containing protein [Pediococcus acidilactici],237,237,100%,3.00E-73,38.83,306,WP_075140067.1,Yes,No,,,Bacillota,Lactobacillales
1 member(s) 1 organism(s),firmicutes,Kiwa anti-phage protein KwaB-like domain-containing protein [Bacillus cytotoxicus],235,235,81%,5.00E-73,36.33,249,WP_375365061.1,N/A,N/A ,,Seems to only have ncKwaB,Bacillota,Bacillales
1 member(s) 1 organism(s),bacteria,Kiwa anti-phage protein KwaB-like domain-containing protein [Planctomycetota bacterium],237,237,96%,6.00E-73,15.18,330,MGE0713323.1,No,N/A ,,,Plantomycetota,unclassified Plantomycetota
1 member(s) 1 organism(s),firmicutes,MULTISPECIES: Kiwa anti-phage protein KwaB-like domain-containing protein [Lactonifactor],237,237,99%,7.00E-73,27.78,308,WP_154258390.1,Yes,No,,,Bacillota,Eubacteriales
1 member(s) 1 organism(s),firmicutes,Kiwa anti-phage protein KwaB-like domain-containing protein [Desulfitobacterium hafniense],236,236,100%,1.00E-72,31.05,303,WP_208925372.1,Yes,No,,,Bacillota,Eubacteriales
1 member(s) 1 organism(s),firmicutes,Kiwa anti-phage protein KwaB-like domain-containing protein [Latilactobacillus sakei],236,236,100%,2.00E-72,39.16,306,XRJ96607.1,Yes,No,,,Bacillota,Lactobacillales
1 member(s) 1 organism(s),firmicutes,Kiwa anti-phage protein KwaB-like domain-containing protein [Gemmiger formicilis],235,235,96%,2.00E-72,26.8,312,WP_370848535.1,Yes,No,,,Bacillota,Eubacteriales
1 member(s) 1 organism(s),firmicutes,Kiwa anti-phage protein KwaB-like domain-containing protein [Paucisalibacillus globulus],235,235,100%,3.00E-72,29.74,307,WP_096269414.1,Yes,No,,,Bacillota,Bacillales
1 member(s) 1 organism(s),bacteria,Kiwa anti-phage protein KwaB-like domain-containing protein [Bryobacteraceae bacterium],235,235,99%,3.00E-72,15.46,321,HEX3880493.1,No,N/A ,,,Acidobacteria,Bryobacterales
1 member(s) 1 organism(s),firmicutes,Kiwa anti-phage protein KwaB-like domain-containing protein [Peptacetobacter sp.],234,234,100%,6.00E-72,50.81,306,WP_329999783.1,Yes,No,,,Bacillota,Peptostreptococcales
2 member(s) 2 organism(s),firmicutes,MULTISPECIES: Kiwa anti-phage protein KwaB-like domain-containing protein [Lysinibacillus],233,233,100%,2.00E-71,27.78,306,WP_069509226.1,Yes,No,,Two ncKwas on different loci,Bacillota,Bacillales
3 member(s) 3 organism(s),g-proteobacteria,Kiwa anti-phage protein KwaB-like domain-containing protein [Shewanella baltica],234,234,99%,3.00E-71,15.03,339,WP_012196662.1,No,N/A ,,,Pseudomonadota,Alteromonadales
2 member(s) 1 organism(s),firmicutes,Kiwa anti-phage protein KwaB-like domain-containing protein [Weissella confusa],232,232,100%,3.00E-71,41.56,306,WP_195308127.1,Yes,No,,,Bacillota,Lactobacillales
4 member(s) 1 organism(s),GNS bacteria,Kiwa anti-phage protein KwaB-like domain-containing protein [Ktedonobacteraceae bacterium],233,233,99%,3.00E-71,14.7,327,HLJ33975.1,No,N/A ,,,Chloroflexota,Ktedonobacterales
1 member(s) 1 organism(s),firmicutes,Kiwa anti-phage protein KwaB-like domain-containing protein [Sporosarcina ureilytica],232,232,99%,4.00E-71,26.06,305,WP_075528140.1,Yes,Yes,PifA,,Bacillota,Bacillales
1 member(s) 1 organism(s),firmicutes,Kiwa anti-phage protein KwaB-like domain-containing protein [Numidum massiliense],232,232,100%,6.00E-71,28.76,306,WP_054948965.1,N/A,N/A ,,Seems to only have ncKwaB,Bacillota,Bacillales
1 member(s) 1 organism(s),a-proteobacteria,Kiwa anti-phage protein KwaB-like domain-containing protein [Microvirga sp. VF16],232,232,99%,8.00E-71,17.03,320,WP_203446917.1,Yes,Yes,RM type II,,Pseudomonadota,Hyphomicrobiales
1 member(s) 1 organism(s),firmicutes,DUF4868 domain-containing protein [Saccharococcus sp. Marseille-Q5394],231,231,100%,9.00E-71,31.49,305,WP_262173161.1,Yes,No,,,Bacillota,Bacillales
1 member(s) 1 organism(s),firmicutes,Kiwa anti-phage protein KwaB-like domain-containing protein [Ruminococcus sp.],231,231,99%,9.00E-71,27.39,304,WP_295073734.1,Yes,Yes,PDC-S04 & PDC-S14,,Bacillota,Eubacteriales
1 member(s) 1 organism(s),firmicutes,DUF4868 domain-containing protein [Angelakisella sp.],231,231,94%,1.00E-70,27.43,308,MEA5011091.1,Yes,Yes,RM type III & DMS other & PDC-S11 & PDC-S26,,Bacillota,Eubacteriales
2 member(s) 1 organism(s),firmicutes,Kiwa anti-phage protein KwaB-like domain-containing protein [Leuconostoc mesenteroides],231,231,100%,1.00E-70,35.83,307,WP_050891583.1,Yes,No,,,Bacillota,Lactobacillales
2 member(s) 2 organism(s),firmicutes,Kiwa anti-phage protein KwaB-like domain-containing protein [Mitsuokella multacida],231,231,99%,1.00E-70,36.84,325,WP_302297322.1,Yes,No,,,Bacillota,Selenomonadales
1 member(s) 1 organism(s),firmicutes,DUF4868 domain-containing protein [Phascolarctobacterium sp.],231,231,98%,1.00E-70,36.39,306,MBO5168739.1,Yes,Yes,AbiE,,Bacillota,Acidaminococcales
1 member(s) 1 organism(s),firmicutes,Kiwa anti-phage protein KwaB-like domain-containing protein [Salimicrobium salexigens],231,231,100%,2.00E-70,31.29,307,WP_076570584.1,Yes,Yes,RM type I & DMS other,,Bacillota,Bacillales
1 member(s) 1 organism(s),bacteria,hypothetical protein [Edaphobacter sp.],231,231,96%,2.00E-70,17.23,314,MCU1224678.1,No,N/A ,,,Acidobacteria,Terriglobales
1 member(s) 1 organism(s),GNS bacteria,Kiwa anti-phage protein KwaB-like domain-containing protein [Ktedonobacteraceae bacterium],231,231,99%,2.00E-70,16.99,323,HZS75319.1,No,N/A ,,,Chloroflexota,Ktedonobacterales
1 member(s) 1 organism(s),firmicutes,Kiwa anti-phage protein KwaB-like domain-containing protein [Psychrobacillus sp. NPDC093180],230,230,99%,2.00E-70,27.78,304,WP_400785240.1,Yes,No,,,Bacillota,Bacillales
3 member(s) 3 organism(s),firmicutes,Kiwa anti-phage protein KwaB-like domain-containing protein [Anaerotignum faecicola],229,229,99%,4.00E-70,26.32,307,WP_418205575.1,Yes,Yes,RM type II,,Bacillota,Lachnospirales
1 member(s) 1 organism(s),firmicutes,Kiwa anti-phage protein KwaB-like domain-containing protein [Pectinatus frisingensis],229,229,95%,5.00E-70,27.4,308,WP_196599084.1,N/A,N/A ,,Seems to only have ncKwaB,Bacillota,Selenomonadales
1 member(s) 1 organism(s),CFB group bacteria,DUF4868 domain-containing protein [Bacteroidia bacterium],230,230,99%,6.00E-70,13.25,339,MCZ2129385.1,No,N/A ,,,Bacteroidota,unclassified Bacteroidota
1 member(s) 1 organism(s),firmicutes,DUF4868 domain-containing protein [Clostridiales bacterium],228,228,90%,6.00E-70,46.69,270,MBD5087389.1,Yes,No,,,Bacillota,Eubacteriales
2 member(s) 1 organism(s),firmicutes,Kiwa anti-phage protein KwaB-like domain-containing protein [Lentibacillus persicus],229,229,100%,8.00E-70,29.22,308,WP_177183460.1,N/A,N/A ,,Seems to only have ncKwaB,Bacillota,Bacillales
1 member(s) 1 organism(s),a-proteobacteria,Kiwa anti-phage protein KwaB-like domain-containing protein [Microvirga sp. GCM10011540],229,229,99%,8.00E-70,17.67,320,WP_377033467.1,No,N/A ,,,Pseudomonadota,Hyphomicrobiales
1 member(s) 1 organism(s),g-proteobacteria,Kiwa anti-phage protein KwaB-like domain-containing protein [Vibrio natriegens],230,230,96%,8.00E-70,14.87,339,MFZ6040301.1,No,N/A ,,,Pseudomonadota,Vibrionales
1 member(s) 1 organism(s),firmicutes,Kiwa anti-phage protein KwaB-like domain-containing protein [Carnobacterium gallinarum],228,228,99%,1.00E-69,24.51,305,WP_034564829.1,Yes,No,,,Bacillota,Lactobacillales
1 member(s) 1 organism(s),firmicutes,DUF4868 domain-containing protein [Ruminiclostridium sp.],228,228,99%,1.00E-69,26.4,304,MBE5718078.1,Yes,Yes,RM type II,,Bacillota,Eubacteriales
2 member(s) 2 organism(s),firmicutes,Kiwa anti-phage protein KwaB-like domain-containing protein [Tissierella sp.],227,227,99%,3.00E-69,30.49,304,WP_313758854.1,Yes,Yes,Hachiman type I,,Bacillota,Tissierellales
2 member(s) 2 organism(s),firmicutes,Kiwa anti-phage protein KwaB-like domain-containing protein [Lysinibacillus parviboronicapiens],227,227,99%,4.00E-69,26.47,304,WP_107951330.1,Yes,Yes,Lamassu family,,Bacillota,Bacillales
2 member(s) 1 organism(s),firmicutes,Kiwa anti-phage protein KwaB-like domain-containing protein [Megasphaera elsdenii],227,227,98%,4.00E-69,38.26,306,WP_320801325.1,Yes,No,,,Bacillota,Veillonellales
1 member(s) 1 organism(s),g-proteobacteria,Kiwa anti-phage protein KwaB-like domain-containing protein [Vibrio sp. S17_S38],227,227,99%,6.00E-69,14.72,339,WP_190330987.1,No,N/A ,,,Pseudomonadota,Vibrionales
2 member(s) 1 organism(s),GNS bacteria,Kiwa anti-phage protein KwaB-like domain-containing protein [Ktedonobacteraceae bacterium],227,227,99%,7.00E-69,17.59,322,MEO9058326.1,No,N/A ,,,Chloroflexota,Ktedonobacterales
14 member(s) 5 organism(s),g-proteobacteria,MULTISPECIES: Kiwa anti-phage protein KwaB-like domain-containing protein [Vibrio],227,227,99%,7.00E-69,14.72,340,WP_199244827.1,No,N/A ,,,Pseudomonadota,Vibrionales
1 member(s) 1 organism(s),GNS bacteria,Kiwa anti-phage protein KwaB-like domain-containing protein [Ktedonobacteraceae bacterium],226,226,96%,2.00E-68,17.88,332,MHB8597778.1,No,N/A ,,,Chloroflexota,Ktedonobacterales
1 member(s) 1 organism(s),firmicutes,Kiwa anti-phage protein KwaB-like domain-containing protein [Oceanobacillus kimchii],225,225,100%,2.00E-68,27.78,306,WP_272033054.1,Yes,No,,,Bacillota,Bacillales
1 member(s) 1 organism(s),firmicutes,Kiwa anti-phage protein KwaB-like domain-containing protein [Bengtsoniella intestinalis],225,225,99%,2.00E-68,27.54,308,WP_409966903.1,N/A,N/A ,,Seems to only have ncKwaB,Bacillota,Eubacteriales
1 member(s) 1 organism(s),bacteria,DUF4868 domain-containing protein [Calditrichota bacterium],225,225,98%,3.00E-68,17.92,311,MCB9365894.1,No,N/A ,,,Calditrichota,unclassified Calditrichota
1 member(s) 1 organism(s),GNS bacteria,Kiwa anti-phage protein KwaB-like domain-containing protein [Ktedonobacterales bacterium],225,225,98%,4.00E-68,15.16,332,MGO8949264.1,No,No,,,Chloroflexota,Ktedonobacterales
1 member(s) 1 organism(s),g-proteobacteria,Kiwa anti-phage protein KwaB-like domain-containing protein [Aeromonas sp.],225,225,99%,5.00E-68,14.11,341,MGL5284594.1,N/A,N/A ,,Seems to only have ncKwaB,Pseudomonadota,Aeromonadales
1 member(s) 1 organism(s),firmicutes,Kiwa anti-phage protein KwaB-like domain-containing protein [Oceanobacillus indicireducens],224,224,99%,6.00E-68,25.73,305,WP_229782679.1,Yes,No,,,Bacillota,Bacillales
1 member(s) 1 organism(s),firmicutes,Kiwa anti-phage protein KwaB-like domain-containing protein [Enterococcus italicus],224,224,99%,7.00E-68,27.04,305,WP_455322829.1,Yes,Yes,RosmerTA,,Bacillota,Lactobacillales
1 member(s) 1 organism(s),firmicutes,Kiwa anti-phage protein KwaB-like domain-containing protein [Peribacillus frigoritolerans],224,224,99%,8.00E-68,28.01,305,WP_436115031.1,Yes,Yes,GAO 20,,Bacillota,Bacillales
1 member(s) 1 organism(s),firmicutes,Kiwa anti-phage protein KwaB-like domain-containing protein [Sporosarcina sp. 179-K 8C2 HS],224,224,99%,8.00E-68,26.38,304,WP_413054447.1,Yes,No,,,Bacillota,Bacillales
1 member(s) 1 organism(s),firmicutes,Kiwa anti-phage protein KwaB-like domain-containing protein [Tuanshanicoccus yangjingiae],223,223,100%,1.00E-67,25.5,294,WP_446453597.1,Yes,No,,,Bacillota,Lactobacillales
1 member(s) 1 organism(s),firmicutes,Kiwa anti-phage protein KwaB-like domain-containing protein [Lapidilactobacillus dextrinicus],223,223,99%,1.00E-67,26.8,304,WP_436436467.1,Yes,No,,,Bacillota,Lactobacillales
1 member(s) 1 organism(s),GNS bacteria,Kiwa anti-phage protein KwaB-like domain-containing protein [Ktedonobacteraceae bacterium],224,224,97%,1.00E-67,17.7,328,HLI89811.1,No,N/A ,,,Chloroflexota,Ktedonobacterales
1 member(s) 1 organism(s),GNS bacteria,Kiwa anti-phage protein KwaB-like domain-containing protein [Ktedonobacteraceae bacterium],223,223,99%,2.00E-67,18.57,317,HVB74181.1,No,N/A ,,,Chloroflexota,Ktedonobacterales
16 member(s) 15 organism(s),proteobacteria,Kiwa anti-phage protein KwaB-like domain-containing protein [Aeromonas hydrophila],224,224,99%,2.00E-67,12.88,340,WP_106552038.1,No,N/A ,,,Pseudomonadota,Aeromonadales
1 member(s) 1 organism(s),bacteria,Kiwa anti-phage protein KwaB-like domain-containing protein [Granulicella sibirica],223,223,96%,2.00E-67,15.88,312,WP_128911003.1,No,N/A ,,,Acidobacteria,Terriglobales
1 member(s) 1 organism(s),firmicutes,Kiwa anti-phage protein KwaB-like domain-containing protein [Megamonas hypermegale],222,222,99%,2.00E-67,36.42,303,WP_204935891.1,Yes,No,,,Bacillota,Selenomonadales
2 member(s) 2 organism(s),a-proteobacteria,Kiwa anti-phage protein KwaB-like domain-containing protein [Mesorhizobium sp.],223,223,99%,2.00E-67,17.83,317,WP_292649354.1,No,Yes,,,Pseudomonadota,Hyphomicrobiales
1 member(s) 1 organism(s),e-proteobacteria,DUF4868 domain-containing protein [Campylobacteraceae bacterium],222,222,99%,3.00E-67,25.33,305,MDR1285027.1,Yes,Yes,,,Campylobacterota,Campylobacterales
1 member(s) 1 organism(s),firmicutes,Kiwa anti-phage protein KwaB-like domain-containing protein [Mesobacillus persicus],222,222,99%,3.00E-67,27.27,306,WP_090749776.1,Yes,No,,,Bacillota,Bacillales
2 member(s) 2 organism(s),firmicutes,Kiwa anti-phage protein KwaB-like domain-containing protein [Faecalibacterium sp. Marseille-P9590],222,222,96%,5.00E-67,25.09,308,WP_207675975.1,Yes,No,,,Bacillota,Eubacteriales
1 member(s) 1 organism(s),CFB group bacteria,DUF4868 domain-containing protein [Cytophagaceae bacterium],222,222,99%,5.00E-67,13.25,340,MDR2926725.1,No,N/A ,,,Bacteroidota,Cytophagales
1 member(s) 1 organism(s),bacteria,MAG: DUF4868 domain-containing protein [bacterium],222,222,99%,6.00E-67,13.9,338,TNE71512.1,N/A,N/A ,,,unclassified Bacteria,unclassified Bacteria
1 member(s) 1 organism(s),firmicutes,Kiwa anti-phage protein KwaB-like domain-containing protein [Leuconostoc gelidum],221,221,100%,1.00E-66,36.81,307,WP_224145239.1,Yes,No,,,Bacillota,Lactobacillales
16 member(s) 13 organism(s),enterobacteria,Kiwa anti-phage protein KwaB-like domain-containing protein [Enterobacter hormaechei],222,222,99%,1.00E-66,14.11,340,WP_157506693.1,No,N/A ,,,Pseudomonadota,Enterobacterales
4 member(s) 3 organism(s),g-proteobacteria,Kiwa anti-phage protein KwaB-like domain-containing protein [Aeromonas veronii],222,222,99%,1.00E-66,13.19,340,WP_236563795.1,No,N/A ,,,Pseudomonadota,Aeromonadales
2 member(s) 2 organism(s),g-proteobacteria,Kiwa anti-phage protein KwaB-like domain-containing protein [Shewanella sp. SG44-6],221,221,99%,1.00E-66,14.11,340,WP_182741637.1,No,N/A ,,,Pseudomonadota,Alteromonadales
1 member(s) 1 organism(s),bacteria,Kiwa anti-phage protein KwaB-like domain-containing protein [Terriglobales bacterium],220,220,99%,2.00E-66,14.43,312,MGA3106947.1,No,N/A ,,,Acidobacteria,Terriglobales
1 member(s) 1 organism(s),CFB group bacteria,DUF4868 domain-containing protein [Paludibacteraceae bacterium],221,221,99%,2.00E-66,12.08,337,MBQ4391349.1,No,N/A ,,,Bacteroidota,Bacteroidales
1 member(s) 1 organism(s),bacteria,Kiwa anti-phage protein KwaB-like domain-containing protein [Terriglobales bacterium],220,220,91%,3.00E-66,13.54,330,HZU42959.1,No,N/A ,,,Acidobacteria,Terriglobales
1 member(s) 1 organism(s),g-proteobacteria,Kiwa anti-phage protein KwaB-like domain-containing protein [Photobacterium sp. S4TG1],221,221,99%,4.00E-66,14.72,339,WP_327761306.1,No,N/A ,,,Pseudomonadota,Vibrionales
1 member(s) 1 organism(s),CFB group bacteria,MULTISPECIES: Kiwa anti-phage protein KwaB-like domain-containing protein [Bacteroides],220,220,99%,4.00E-66,13.9,338,WP_004299172.1,N/A,N/A ,,Seems to only have ncKwaB,Bacteroidota,Bacteroidales
2 member(s) 2 organism(s),g-proteobacteria,Kiwa anti-phage protein KwaB-like domain-containing protein [Thiomicrorhabdus sp.],220,220,99%,4.00E-66,11.73,341,WP_319557342.1,No,N/A ,,,Pseudomonadota,Thiotrichales
1 member(s) 1 organism(s),euryarchaeotes,Kiwa anti-phage protein KwaB-like domain-containing protein [Methanosarcina siciliae],219,219,100%,7.00E-66,19.56,323,WP_048170697.1,No,N/A ,,,Methanobacteriota,Methanosarcinales
1 member(s) 1 organism(s),firmicutes,Kiwa anti-phage protein KwaB-like domain-containing protein [Symbiobacteriaceae bacterium],219,219,99%,7.00E-66,16.45,313,HLO02592.1,No,N/A ,,,Bacillota,Eubacteriales
10 member(s) 6 organism(s),firmicutes,MULTISPECIES: DUF4868 domain-containing protein [Lysinibacillus],218,218,100%,8.00E-66,25.16,305,WP_069512251.1,Yes,No,,,Bacillota,Bacillales
1 member(s) 1 organism(s),firmicutes,Kiwa anti-phage protein KwaB-like domain-containing protein [Solibacillus sp. FSL W8-0372],219,219,100%,8.00E-66,29.08,307,WP_339212951.1,Yes,No,,,Bacillota,Bacillales
1 member(s) 1 organism(s),g-proteobacteria,Kiwa anti-phage protein KwaB-like domain-containing protein [Vibrio vulnificus],218,218,91%,9.00E-66,15.57,304,EOV0147203.1,N/A,N/A ,,Seems to only have ncKwaB,Pseudomonadota,Vibrionales
1 member(s) 1 organism(s),firmicutes,Kiwa anti-phage protein KwaB-like domain-containing protein [Lacticaseibacillus paracasei],218,218,100%,1.00E-65,23.86,308,WP_242755130.1,Yes,No,,Two ncKwa systems on different loci,Bacillota,Lactobacillales
1 member(s) 1 organism(s),CFB group bacteria,Kiwa anti-phage protein KwaB-like domain-containing protein [Taishania pollutisoli],219,219,99%,1.00E-65,14.37,342,WP_216713970.1,No,N/A ,,,Bacteroidota,Flavobacteriales
1 member(s) 1 organism(s),bacteria,Kiwa anti-phage protein KwaB-like domain-containing protein [Candidatus Eremiobacteraceae bacterium],218,218,99%,2.00E-65,18.24,313,HET9342928.1,No,N/A ,,,Vulcanimicrobiota,Candidatus Eremiobacterales
4 member(s) 4 organism(s),firmicutes,DUF4868 domain-containing protein [Lysinibacillus sp. A4],217,217,100%,2.00E-65,23.55,305,WP_259419557.1,Yes,Yes,PDC-M30A,,Bacillota,Bacillales
2 member(s) 2 organism(s),g-proteobacteria,MULTISPECIES: Kiwa anti-phage protein KwaB-like domain-containing protein [Vibrio],218,218,99%,3.00E-65,15.34,340,WP_046121723.1,No,N/A ,,,Pseudomonadota,Vibrionales
1 member(s) 1 organism(s),bacteria,Kiwa anti-phage protein KwaB-like domain-containing protein [Pyrinomonadaceae bacterium],217,217,99%,3.00E-65,15.36,313,HKZ02317.1,No,No,,,Acidobacteria,Blastocatellales
132 member(s) 7 organism(s),enterobacteria,Kiwa anti-phage protein KwaB-like domain-containing protein [Escherichia coli],218,218,99%,4.00E-65,13.8,340,WP_373889486.1,No,N/A ,,,Pseudomonadota,Enterobacterales
1 member(s) 1 organism(s),GNS bacteria,Kiwa anti-phage protein KwaB-like domain-containing protein [Ktedonobacteraceae bacterium],217,217,97%,4.00E-65,13.86,323,HEX6481266.1,No,N/A ,,,Chloroflexota,Ktedonobacterales
1 member(s) 1 organism(s),CFB group bacteria,Kiwa anti-phage protein KwaB-like domain-containing protein [Spirosomataceae bacterium],217,217,91%,4.00E-65,12.2,302,MFN3783133.1,No,N/A ,,,Bacteroidota,Cytophagales
1 member(s) 1 organism(s),archaea,DUF4868 domain-containing protein [Candidatus Bathyarchaeota archaeon],217,217,99%,4.00E-65,17.11,309,MCJ7766903.1,No,N/A ,,,Candidatus Batyarchaeota,unclassified Candidatus Batyarchaeota
5 member(s) 2 organism(s),firmicutes,Kiwa anti-phage protein KwaB-like domain-containing protein [Lacticaseibacillus paracasei],217,217,100%,4.00E-65,26.47,308,WP_049176522.1,Yes,No,,,Bacillota,Lactobacillales
1 member(s) 1 organism(s),firmicutes,Kiwa anti-phage protein KwaB-like domain-containing protein [Sedimentibacter sp.],216,216,99%,4.00E-65,29.84,304,MGD9569686.1,Yes,Yes,Gabija,,Bacillota,Tissierellales
1 member(s) 1 organism(s),firmicutes,Kiwa anti-phage protein KwaB-like domain-containing protein [Sporolactobacillus vineae],216,216,99%,9.00E-65,28.43,304,WP_018962445.1,Yes,No,,,Bacillota,Bacillales
1 member(s) 1 organism(s),green sulfur bacteria,DUF4868 domain-containing protein [Chloroherpetonaceae bacterium],217,217,99%,9.00E-65,12.35,336,MDX2128364.1,No,N/A ,,,Chlorobiota,Chlorobiales
1 member(s) 1 organism(s),CFB group bacteria,DUF4868 domain-containing protein [Chitinophagaceae bacterium IBVUCB1],217,217,99%,9.00E-65,13.55,341,OSZ82094.1,No,N/A ,,,Bacteroidota,Chitinophagales
2 member(s) 2 organism(s),firmicutes,DUF4868 domain-containing protein [Lysinibacillus sp. 38-6],216,216,100%,1.00E-64,24.19,305,WP_409369635.1,Yes,No,,,Bacillota,Lysinibacillus
1 member(s) 1 organism(s),firmicutes,Kiwa anti-phage protein KwaB-like domain-containing protein [Salibacterium lacus],216,216,100%,1.00E-64,25.41,307,WP_380712712.1,N/A,N/A ,,Seems to only have ncKwaB ,Bacillota,Bacillales
9 member(s) 3 organism(s),firmicutes,MULTISPECIES: Kiwa anti-phage protein KwaB-like domain-containing protein [Enterococcus],215,215,99%,2.00E-64,23.2,304,WP_002389856.1,Yes,No,,,Bacillota,Lactobacillales
3 member(s) 3 organism(s),enterobacteria,MULTISPECIES: Kiwa anti-phage protein KwaB-like domain-containing protein [unclassified Providencia],216,216,99%,2.00E-64,13.19,340,WP_272693202.1,No,N/A ,,,Pseudomonadota,Enterobacterales
1 member(s) 1 organism(s),GNS bacteria,DUF4868 domain-containing protein [Ktedonobacteraceae bacterium],216,216,98%,2.00E-64,14.89,325,MBA2392546.1,N/A,N/A ,,Seems to only have ncKwaB,Chloroflexota,Ktedonobacterales
15 member(s) 4 organism(s),g-proteobacteria,Kiwa anti-phage protein KwaB-like domain-containing protein [Aeromonas veronii],216,216,99%,3.00E-64,12.35,337,WP_265783674.1,No,N/A ,,,Pseudomonadota,Aeromonadales
1 member(s) 1 organism(s),bacteria,Kiwa anti-phage protein KwaB-like domain-containing protein [Planctomycetota bacterium],215,215,92%,3.00E-64,17.71,318,HEY3318940.1,No,N/A ,,,Plantomycetota,unclassified Plantomycetota
1 member(s) 1 organism(s),GNS bacteria,Kiwa anti-phage protein KwaB-like domain-containing protein [Ktedonobacter robiniae],215,215,99%,3.00E-64,15.77,329,WP_201372651.1,No,N/A ,,,Chloroflexota,Ktedonobacterales
1 member(s) 1 organism(s),CFB group bacteria,Kiwa anti-phage protein KwaB-like domain-containing protein [Myroides profundi],216,216,99%,3.00E-64,14.5,339,WP_041891299.1,No,N/A ,,,Bacteroidota,Flavobacteriales
4 member(s) 2 organism(s),firmicutes,Kiwa anti-phage protein KwaB-like domain-containing protein [Latilactobacillus curvatus],214,214,100%,4.00E-64,27.48,298,WP_186738763.1,Yes,No,,,Bacillota,Lactobacillales
1 member(s) 1 organism(s),firmicutes,Kiwa anti-phage protein KwaB-like domain-containing protein [Limosilactobacillus vaginalis],214,214,97%,4.00E-64,30.14,300,WP_407366667.1,Yes,No,,,Bacillota,Lactobacillales
1 member(s) 1 organism(s),bacteria,Kiwa anti-phage protein KwaB-like domain-containing protein [Candidatus Sulfotelmatobacter sp.],214,214,96%,5.00E-64,15.25,310,MHB8218635.1,No,N/A ,,,Acidobacteria,Terriglobales
3 member(s) 1 organism(s),firmicutes,Kiwa anti-phage protein KwaB-like domain-containing protein [Enterococcus faecium],214,214,99%,5.00E-64,23.93,302,WP_139907911.1,Yes,No,,,Bacillota,Lactobacillales
2 member(s) 1 organism(s),CFB group bacteria,Kiwa anti-phage protein KwaB-like domain-containing protein [Bacteroides ovatus],215,215,99%,6.00E-64,15.06,339,WP_463640272.1,No,N/A ,,,Bacteroidota,Bacteroidales
1 member(s) 1 organism(s),firmicutes,Kiwa anti-phage protein KwaB-like domain-containing protein [Ligilactobacillus animalis],214,214,100%,6.00E-64,23.05,306,WP_168731170.1,Yes,No,,,Bacillota,Lactobacillales
3 member(s) 2 organism(s),firmicutes,DUF4868 domain-containing protein [Limosilactobacillus oris],213,213,96%,7.00E-64,28.08,300,WP_265166341.1,N/A,N/A ,,Seems to only have ncKwaB,Bacillota,Lactobacillales
2 member(s) 1 organism(s),firmicutes,Kiwa anti-phage protein KwaB-like domain-containing protein [Vagococcus lutrae],213,213,99%,8.00E-64,24.43,305,WP_222317944.1,Yes,Yes,PDC-M24,,Bacillota,Lactobacillales
2 member(s) 1 organism(s),firmicutes,Kiwa anti-phage protein KwaB-like domain-containing protein [Peptoanaerobacter stomatis],213,213,100%,8.00E-64,38.24,302,WP_009524877.1,Yes,No,,,Bacillota,Peptostreptococcales
1 member(s) 1 organism(s),a-proteobacteria,Kiwa anti-phage protein KwaB-like domain-containing protein [Azospirillum argentinense],213,213,99%,1.00E-63,14.51,320,WP_349592682.1,No,N/A ,,,Pseudomonadota,Rhodospirillales
1 member(s) 1 organism(s),firmicutes,"Kiwa anti-phage protein KwaB-like domain-containing protein, partial [Peptoniphilus harei]",211,211,82%,1.00E-63,77.33,248,WP_112889254.1,Yes,No,,,Bacillota,Tissierellales
14 member(s) 4 organism(s),firmicutes,Kiwa anti-phage protein KwaB-like domain-containing protein [Enterococcus thailandicus],212,212,99%,1.00E-63,23.61,302,WP_270346641.1,Yes,No,,,Bacillota,Lactobacillales
1 member(s) 1 organism(s),CFB group bacteria,Kiwa anti-phage protein KwaB-like domain-containing protein [Ancylomarina subtilis],214,214,99%,2.00E-63,16.67,337,WP_207224514.1,No,N/A ,,,Bacteroidota,Marinilabiliales
1 member(s) 1 organism(s),firmicutes,Kiwa anti-phage protein KwaB-like domain-containing protein [Liquorilactobacillus nagelii],212,212,100%,2.00E-63,24.26,301,WP_278762381.1,Yes,No,,,Bacillota,Lactobacillales
1 member(s) 1 organism(s),firmicutes,MULTISPECIES: Kiwa anti-phage protein KwaB-like domain-containing protein [Aerococcus],212,212,100%,2.00E-63,28.24,294,WP_067975382.1,Yes,Yes,AbiO-Nhi family,,Bacillota,Lactobacillales
1 member(s) 1 organism(s),bacteria,DUF4868 domain-containing protein [Candidatus Sumerlaeaceae bacterium],213,213,96%,2.00E-63,17.94,332,MBX7244071.1,No,N/A ,,,Candidatus Sumerlaeota,Candidatus Sumerlaeales
1 member(s) 1 organism(s),CFB group bacteria,Kiwa anti-phage protein KwaB-like domain-containing protein [Aquipluma nitroreducens],214,214,99%,2.00E-63,13.86,341,WP_318348032.1,Yes,No,,,Bacteroidota,Marinilabiliales
2 member(s) 1 organism(s),firmicutes,Kiwa anti-phage protein KwaB-like domain-containing protein [Apilactobacillus timberlakei],212,212,99%,2.00E-63,25,302,WP_181399265.1,No,N/A ,,,Bacillota,Lactobacillales
1 member(s) 1 organism(s),firmicutes,DUF4868 domain-containing protein [Tissierellaceae bacterium],213,213,96%,2.00E-63,28.33,331,MCK9443811.1,N/A,N/A ,,Seems to only have ncKwaB,Bacillota,Tissierellales
9 member(s) 9 organism(s),firmicutes,DUF4868 domain-containing protein [Lysinibacillus sp. NPDC097279],212,212,100%,2.00E-63,23.55,305,WP_402886878.1,Yes,No,,,Bacillota,Bacillales
3 member(s) 1 organism(s),CFB group bacteria,DUF4868 domain-containing protein [Bacteroides sp.],213,213,99%,2.00E-63,16.67,345,MBD5272085.1,N/A,N/A ,,Seems to only have ncKwaB,Bacteroidota,Bacteroidales
1 member(s) 1 organism(s),CFB group bacteria,DUF4868 domain-containing protein [Prolixibacteraceae bacterium],213,213,99%,3.00E-63,13.55,340,MDX9882620.1,No,N/A ,,,Bacteroidota,Marinilabiliales
2 member(s) 2 organism(s),firmicutes,Kiwa anti-phage protein KwaB-like domain-containing protein [Limosilactobacillus caccae],212,212,100%,3.00E-63,25.32,307,WP_076462029.1,Yes,No,,,Bacillota,Lactobacillales
1 member(s) 1 organism(s),firmicutes,Kiwa anti-phage protein KwaB-like domain-containing protein [Solibacillus palustris],212,212,100%,3.00E-63,23.23,305,WP_241369775.1,Yes,No,,,Bacillota,Bacillales
1 member(s) 1 organism(s),CFB group bacteria,Kiwa anti-phage protein KwaB-like domain-containing protein [Flavobacterium nitrogenifigens],212,212,99%,4.00E-63,14.5,339,WP_308855235.1,No,N/A ,,,Bacteroidota,Flavobacteriales
2 member(s) 2 organism(s),bacteria,DUF4868 domain-containing protein [Erysipelotrichales bacterium],212,212,99%,4.00E-63,12.69,338,MEA4822373.1,No,N/A ,,,Bacillota,Erysipelotrichales
1 member(s) 1 organism(s),g-proteobacteria,Kiwa anti-phage protein KwaB-like domain-containing protein [Wohlfahrtiimonas chitiniclastica],212,212,99%,4.00E-63,16.82,340,WP_213398782.1,No,N/A ,,,Pseudomonadota,Cardiobacteriales
1 member(s) 1 organism(s),GNS bacteria,MAG: DUF4868 domain-containing protein [Chloroflexota bacterium],212,212,92%,5.00E-63,15.28,325,TMD44622.1,No,N/A ,,,Chloroflexota,unclassified Chloroflexota
1 member(s) 1 organism(s),CFB group bacteria,Kiwa anti-phage protein KwaB-like domain-containing protein [Flavobacterium columnare],212,212,99%,5.00E-63,14.2,338,WP_107317724.1,No,N/A ,,,Bacteroidota,Flavobacteriales
1 member(s) 1 organism(s),firmicutes,Kiwa anti-phage protein KwaB-like domain-containing protein [Limosilactobacillus fermentum],211,211,99%,5.00E-63,28,302,WP_021349257.1,Yes,No,,,Bacillota,Lactobacillales
1 member(s) 1 organism(s),firmicutes,Kiwa anti-phage protein KwaB-like domain-containing protein [Lactobacillus kitasatonis],211,211,100%,7.00E-63,25.25,302,WP_464982485.1,Yes,No,,,Bacillota,Lactobacillales
2 member(s) 1 organism(s),firmicutes,Kiwa anti-phage protein KwaB-like domain-containing protein [Neobacillus cucumis],211,211,99%,9.00E-63,19.28,316,WP_180960405.1,No,N/A ,,,Bacillota,Bacillales
1 member(s) 1 organism(s),g-proteobacteria,Kiwa anti-phage protein KwaB-like domain-containing protein [Chromohalobacter canadensis],212,212,99%,9.00E-63,12.96,338,WP_246919327.1,N/A,N/A ,,Seems to only have ncKwaB,Pseudomonadota,Oceanospirillales
1 member(s) 1 organism(s),firmicutes,Kiwa anti-phage protein KwaB-like domain-containing protein [Turicibacter sanguinis],210,210,100%,1.00E-62,24.76,304,WP_317327296.1,Yes,Yes,RM type I & PDC-M13,,Bacillota,Erysipelotrichales
6 member(s) 2 organism(s),firmicutes,Kiwa anti-phage protein KwaB-like domain-containing protein [Lactiplantibacillus pentosus],210,210,100%,1.00E-62,25.99,303,WP_152705704.1,N/A,N/A ,,Seems to only have ncKwaB,Bacillota,Lactobacillales
8 member(s) 4 organism(s),firmicutes,Kiwa anti-phage protein KwaB-like domain-containing protein [Enterococcus villorum],210,210,99%,1.00E-62,26.14,304,WP_081205052.1,Yes,No,,,Bacillota,Lactobacillales
2 member(s) 2 organism(s),CFB group bacteria,MULTISPECIES: Kiwa anti-phage protein KwaB-like domain-containing protein [Empedobacter],211,211,99%,2.00E-62,13.55,339,WP_286473955.1,No,N/A ,,,Bacteroidota,Flavobacteriales
5 member(s) 2 organism(s),firmicutes,Kiwa anti-phage protein KwaB-like domain-containing protein [Enterococcus faecalis],210,210,99%,2.00E-62,24.18,304,WP_289856475.1,Yes,Yes,PD-T7-4,,Bacillota,Lactobacillales
1 member(s) 1 organism(s),firmicutes,Kiwa anti-phage protein KwaB-like domain-containing protein [Enterococcus casseliflavus],210,210,99%,2.00E-62,25.49,304,WP_317720950.1,Yes,No,,,Bacillota,Lactobacillales
2 member(s) 2 organism(s),firmicutes,Kiwa anti-phage protein KwaB-like domain-containing protein [Enterococcus dongliensis],209,209,99%,2.00E-62,22.37,303,WP_311804953.1,Yes,No,,,Bacillota,Lactobacillales
1 member(s) 1 organism(s),CFB group bacteria,DUF4868 domain-containing protein [Bacteroidota bacterium],211,211,99%,3.00E-62,12.01,342,MBS1585501.1,No,N/A ,,,Bacteroidota,unclassified Bacteroidota
10 member(s) 4 organism(s),CFB group bacteria,MULTISPECIES: Kiwa anti-phage protein KwaB-like domain-containing protein [Bacteroidales],211,211,99%,3.00E-62,13.25,343,WP_052431645.1,No,N/A ,,,Bacteroidota,Bacteroidales
1 member(s) 1 organism(s),firmicutes,DUF4868 domain-containing protein [Amphibacillus xylanus],209,209,100%,3.00E-62,22.9,307,WP_015008941.1,Yes,No,,,Bacillota,Bacillales
1 member(s) 1 organism(s),firmicutes,MULTISPECIES: Kiwa anti-phage protein KwaB-like domain-containing protein [Ligilactobacillus],209,209,100%,4.00E-62,22.73,306,WP_035447270.1,Yes,No,,,Bacillota,Lactobacillales
1 member(s) 1 organism(s),GNS bacteria,Kiwa anti-phage protein KwaB-like domain-containing protein [Ktedonobacteraceae bacterium],210,210,97%,4.00E-62,16.67,336,MHH6928574.1,No,N/A ,,,Chloroflexota,Ktedonobacterales
1 member(s) 1 organism(s),g-proteobacteria,DUF4868 domain-containing protein [Vibrio fluvialis],209,209,99%,7.00E-62,14.29,341,ELV8552728.1,No,N/A ,,,Pseudomonadota,Vibrionales
1 member(s) 1 organism(s),firmicutes,Kiwa anti-phage protein KwaB-like domain-containing protein [Ligilactobacillus agilis],208,208,100%,9.00E-62,22.01,307,WP_432739110.1,Yes,Yes,cas type III-A,,Bacillota,Lactobacillales
1 member(s) 1 organism(s),s__Lactococcus_A raffinolactis,Kiwa anti-phage protein KwaB-like domain-containing protein [Pseudolactococcus raffinolactis],208,208,99%,1.00E-61,23.86,303,WP_220437750.1,Yes,No,,,Bacillota,Lactobacillales
2 member(s) 1 organism(s),firmicutes,"Kiwa anti-phage protein KwaB-like domain-containing protein, partial [Clostridioides difficile]",206,206,82%,2.00E-61,37.05,250,WP_235665664.1,N/A,N/A ,,Seems to only have ncKwaB,Bacillota,Peptostreptococcales
1 member(s) 1 organism(s),firmicutes,Kiwa anti-phage protein KwaB-like domain-containing protein [Lactococcus garvieae],207,207,99%,2.00E-61,23.53,304,WP_412005966.1,Yes,No,,,Bacillota,Lactobacillales
1 member(s) 1 organism(s),GNS bacteria,Kiwa anti-phage protein KwaB-like domain-containing protein [Ktedonobacterales bacterium],208,208,89%,3.00E-61,15.25,363,HEY7778715.1,No,N/A ,,,Chloroflexota,Ktedonobacterales
1 member(s) 1 organism(s),firmicutes,Kiwa anti-phage protein KwaB-like domain-containing protein [Phascolarctobacterium sp.],206,206,96%,6.00E-61,30.87,305,WP_455266223.1,N/A,N/A ,,Seems to only have ncKwaB,Bacillota,Acidaminococcales
3 member(s) 2 organism(s),enterobacteria,Kiwa anti-phage protein KwaB-like domain-containing protein [Edwardsiella tarda],207,207,99%,7.00E-61,15.03,339,WP_430476209.1,No,N/A ,,,Pseudomonadota,Enterobacterales
6 member(s) 6 organism(s),g-proteobacteria,Kiwa anti-phage protein KwaB-like domain-containing protein [Vibrio sp. K4],206,206,99%,1.00E-60,13.89,338,WP_434528781.1,No,N/A ,,,Pseudomonadota,Vibrionales
1 member(s) 1 organism(s),firmicutes,Kiwa anti-phage protein KwaB-like domain-containing protein [Dialister invisus],203,203,79%,1.00E-60,93.33,241,WP_276697242.1,Yes,Yes,PDC-S15 & PDC-S57 & PDC-S13,,Bacillota,Veillonellales
1 member(s) 1 organism(s),firmicutes,Kiwa anti-phage protein KwaB-like domain-containing protein [Weissella paramesenteroides],203,203,79%,1.00E-60,45.19,239,XZO08228.1,Yes,No,,,Bacillota,Lactobacillales
1 member(s) 1 organism(s),g-proteobacteria,Kiwa anti-phage protein KwaB-like domain-containing protein [Alcanivorax sp.],206,206,99%,1.00E-60,12.04,339,WP_349381447.1,No,N/A ,,,Pseudomonadota,Oceanospirillales
1 member(s) 1 organism(s),g-proteobacteria,Kiwa anti-phage protein KwaB-like domain-containing protein [Methylobacter tundripaludum],206,206,99%,2.00E-60,17.74,319,WP_104427578.1,No,N/A ,,,Pseudomonadota,Methylococcales
1 member(s) 1 organism(s),firmicutes,Kiwa anti-phage protein KwaB-like domain-containing protein [Viridibacillus arvi],204,204,90%,2.00E-60,30.91,295,WP_427790857.1,Yes,Yes,HEC-06 & qatABCD & darTG,,Bacillota,Bacillales
1 member(s) 1 organism(s),firmicutes,Kiwa anti-phage protein KwaB-like domain-containing protein [Enterococcus casseliflavus],205,205,99%,2.00E-60,24.84,304,WP_428217216.1,Yes,No,,,Bacillota,Lactobacillales
1 member(s) 1 organism(s),firmicutes,Kiwa anti-phage protein KwaB-like domain-containing protein [Leuconostoc lactis],205,205,99%,2.00E-60,23.68,301,WP_270747197.1,Yes,No,,,Bacillota,Lactobacillales
1 member(s) 1 organism(s),bacteria,DUF4868 domain-containing protein [bacterium],205,205,97%,2.00E-60,16.44,314,MBO9542030.1,N/A,N/A ,,Seems to only have ncKwaB,unclassified Bacteria,unclassified Bacteria
1 member(s) 1 organism(s),bacteria,DUF4868 domain-containing protein [bacterium],205,205,96%,2.00E-60,25.95,307,MBR6422321.1,Yes,Yes,PDC-S15 ,,unclassified Bacteria,unclassified Bacteria
2 member(s) 2 organism(s),CFB group bacteria,Kiwa anti-phage protein KwaB-like domain-containing protein [Ferruginibacter sp.],206,206,99%,2.00E-60,13.69,343,MEQ1553805.1,No,No,,,Bacteroidota,Chitinophagales
1 member(s) 1 organism(s),firmicutes,Kiwa anti-phage protein KwaB-like domain-containing protein [Enterococcus casseliflavus],204,204,99%,2.00E-60,24.92,302,WP_223597592.1,Yes,No,,,Bacillota,Lactobacillales
26 member(s) 14 organism(s),g-proteobacteria,Kiwa anti-phage protein KwaB-like domain-containing protein [Vibrio diabolicus],206,206,99%,2.00E-60,13.27,337,WP_374072172.1,No,No,,,Pseudomonadota,Vibrionales
2 member(s) 1 organism(s),g-proteobacteria,Kiwa anti-phage protein KwaB-like domain-containing protein [Pseudoalteromonas luteoviolacea],205,205,99%,3.00E-60,13.23,338,WP_046355470.1,No,N/A ,,,Pseudomonadota,Alteromonadales
1 member(s) 1 organism(s),CFB group bacteria,Kiwa anti-phage protein KwaB-like domain-containing protein [Prevotella sp.],206,206,99%,3.00E-60,13.55,354,MGM9779752.1,N/A,N/A ,,,Bacteroidota,Bacteroidales
1 member(s) 1 organism(s),CFB group bacteria,MULTISPECIES: Kiwa anti-phage protein KwaB-like domain-containing protein [Butyricimonas],205,205,99%,4.00E-60,15.45,345,WP_065219635.1,No,N/A ,,,Bacteroidota,Bacteroidales
2 member(s) 1 organism(s),GNS bacteria,DUF4868 domain-containing protein [Chloroflexota bacterium],204,204,98%,6.00E-60,13.92,325,MDQ2906354.1,No,N/A ,,,Chloroflexota,unclassified Chloroflexota
1 member(s) 1 organism(s),CFB group bacteria,Kiwa anti-phage protein KwaB-like domain-containing protein [Fluviicola sp.],204,204,99%,6.00E-60,14.24,340,WP_343606159.1,No,N/A ,,,Bacteroidota,Flavobacteriales
2 member(s) 2 organism(s),GNS bacteria,Kiwa anti-phage protein KwaB-like domain-containing protein [Ktedonosporobacter sp.],204,204,96%,7.00E-60,13.95,325,HLG60384.1,No,N/A ,,,Chloroflexota,Ktedonobacterales
1 member(s) 1 organism(s),g-proteobacteria,DUF4868 domain-containing protein [Gammaproteobacteria bacterium],204,204,99%,7.00E-60,17.68,313,MCH9694143.1,No,N/A ,,,Pseudomonadota,unclassified Gammaproteobacteria
1 member(s) 1 organism(s),g-proteobacteria,DUF4868 domain-containing protein [Shewanella baltica],204,204,99%,8.00E-60,13.58,338,WP_259566357.1,No,N/A ,,,Pseudomonadota,Alteromonadales
1 member(s) 1 organism(s),firmicutes,Kiwa anti-phage protein KwaB-like domain-containing protein [Halalkalibacter krulwichiae],203,203,99%,8.00E-60,20.59,314,WP_066159209.1,No,N/A ,,,Bacillota,Bacillales
5 member(s) 5 organism(s),CFB group bacteria,Kiwa anti-phage protein KwaB-like domain-containing protein [Myroides marinus],204,204,99%,8.00E-60,13.86,339,WP_052243605.1,Yes,No,,,Bacteroidota,Flavobacteriales
1 member(s) 1 organism(s),enterobacteria,Kiwa anti-phage protein KwaB-like domain-containing protein [Plesiomonas shigelloides],204,204,99%,9.00E-60,13.58,337,WP_347812229.1,No,N/A ,,,Pseudomonadota,Enterobacterales
1 member(s) 1 organism(s),GNS bacteria,Kiwa anti-phage protein KwaB-like domain-containing protein [Ktedonobacteraceae bacterium],203,203,96%,1.00E-59,16.56,321,MGH2497117.1,No,N/A ,,,Chloroflexota,Ktedonobacterales
1 member(s) 1 organism(s),GNS bacteria,Kiwa anti-phage protein KwaB-like domain-containing protein [Ktedonobacteraceae bacterium],204,204,99%,1.00E-59,15.05,331,HLG79106.1,No,N/A ,,,Chloroflexota,Ktedonobacterales
3 member(s) 2 organism(s),firmicutes,DUF4868 domain-containing protein [[Eubacterium] brachy],202,202,97%,1.00E-59,25.68,294,MBF1134124.1,Yes,Yes,PDC-S72,,Bacillota,Peptostreptococcales
1 member(s) 1 organism(s),firmicutes,Kiwa anti-phage protein KwaB-like domain-containing protein [Lactobacillus amylovorus],202,202,100%,2.00E-59,24.84,309,WP_441150166.1,Yes,No,,,Bacillota,Lactobacillales
1 member(s) 1 organism(s),g-proteobacteria,DUF4868 domain-containing protein [Candidatus Competibacteraceae bacterium],203,203,99%,2.00E-59,11.31,341,MCB1806741.1,No,No,,,Pseudomonadota,unclassified Candidatus Competibacteraceae
4 member(s) 2 organism(s),g-proteobacteria,Kiwa anti-phage protein KwaB-like domain-containing protein [Vibrio alginolyticus],203,203,96%,2.00E-59,14.42,341,WP_213892164.1,No,N/A ,,,Pseudomonadota,Vibrionales
1 member(s) 1 organism(s),firmicutes,Kiwa anti-phage protein KwaB-like domain-containing protein [Bacillus benzoevorans],202,202,99%,3.00E-59,19.93,315,WP_184530446.1,No,N/A ,,,Bacillota,Bacillales
1 member(s) 1 organism(s),g-proteobacteria,Kiwa anti-phage protein KwaB-like domain-containing protein [Halomonas shengliensis],202,202,99%,3.00E-59,12.38,338,WP_176760207.1,No,N/A ,,,Pseudomonadota,Oceanospirillales
2 member(s) 2 organism(s),g-proteobacteria,Kiwa anti-phage protein KwaB-like domain-containing protein [Aliivibrio sp. S10_S31],202,202,99%,4.00E-59,12.96,337,WP_190395926.1,No,N/A ,,,Pseudomonadota,Vibrionales
1 member(s) 1 organism(s),GNS bacteria,MAG: DUF4868 domain-containing protein [Chloroflexota bacterium],202,202,92%,4.00E-59,15.09,314,TMC50359.1,No,N/A ,,,Chloroflexota,unclassified Chloroflexota
1 member(s) 1 organism(s),CFB group bacteria,DUF4868 domain-containing protein [Paludibacteraceae bacterium],202,202,99%,4.00E-59,14.11,335,MBP5456307.1,No,N/A ,,,Bacteroidota,Bacteroidales
1 member(s) 1 organism(s),firmicutes,Kiwa anti-phage protein KwaB-like domain-containing protein [Veillonella parvula],201,201,99%,5.00E-59,28.81,301,WP_455153911.1,Yes,No,,,Bacillota,Veillonellales
2 member(s) 1 organism(s),CFB group bacteria,Kiwa anti-phage protein KwaB-like domain-containing protein [Sphingobacterium faecium],202,202,99%,5.00E-59,12.35,339,WP_346606080.1,No,No,,,Bacteroidota,Sphingobacteriales
1 member(s) 1 organism(s),firmicutes,Kiwa anti-phage protein KwaB-like domain-containing protein [Leuconostoc sp. UCMA20149],201,201,99%,5.00E-59,24.67,301,WP_290046022.1,Yes,No,,,Bacillota,Lactobacillales
2 member(s) 2 organism(s),CFB group bacteria,Kiwa anti-phage protein KwaB-like domain-containing protein [Bacteroides sp. AM30-16],202,202,99%,8.00E-59,14.07,339,WP_119979588.1,No,N/A ,,,Bacteroidota,Bacteroidales
1 member(s) 1 organism(s),firmicutes,Kiwa anti-phage protein KwaB-like domain-containing protein [Lactobacillus paragasseri],200,200,95%,8.00E-59,23.88,300,WP_313999916.1,Yes,No,,,Bacillota,Lactobacillales
3 member(s) 1 organism(s),CFB group bacteria,DUF4868 domain-containing protein [Prevotella sp.],201,201,99%,1.00E-58,12.58,333,MBO5613952.1,No,N/A ,,,Bacteroidota,Bacteroidales
1 member(s) 1 organism(s),firmicutes,Kiwa anti-phage protein KwaB-like domain-containing protein [Bacillus sp. REN10],200,200,99%,2.00E-58,17.32,315,WP_203363658.1,No,N/A ,,,Bacillota,Bacillales
1 member(s) 1 organism(s),a-proteobacteria,DUF4868 domain-containing protein [Alphaproteobacteria bacterium],200,200,99%,2.00E-58,14.11,333,MBQ2885329.1,No,N/A ,,,Pseudomonadota,unclassified Alphaproteobacteria
1 member(s) 1 organism(s),firmicutes,Kiwa anti-phage protein KwaB-like domain-containing protein [Lactobacillus helveticus],199,199,100%,2.00E-58,25.32,304,WP_216695906.1,N/A,N/A ,,Seems to only have nckwaB,Bacillota,Lactobacillales
1 member(s) 1 organism(s),CFB group bacteria,DUF4868 domain-containing protein [Muribaculaceae bacterium],200,200,99%,2.00E-58,14.11,333,MBQ3362588.1,No,N/A ,,,Bacteroidota,Bacteroidales
1 member(s) 1 organism(s),firmicutes,MULTISPECIES: Kiwa anti-phage protein KwaB-like domain-containing protein [Staphylococcus],199,199,100%,3.00E-58,23.26,298,WP_203217274.1,Yes,Yes,RM type I ,,Bacillota,Lactobacillales
1 member(s) 1 organism(s),GNS bacteria,DUF4868 domain-containing protein [Ktedonobacteraceae bacterium],200,200,96%,4.00E-58,16.34,330,MBO0777770.1,No,N/A ,,,Chloroflexota,Ktedonobacterales
1 member(s) 1 organism(s),CFB group bacteria,DUF4868 domain-containing protein [Candidatus Phocaeicola merdavium],200,200,99%,4.00E-58,11.62,338,HJC97903.1,No,N/A ,,,Bacteroidota,Bacteroidales
4 member(s) 4 organism(s),firmicutes,Kiwa anti-phage protein KwaB-like domain-containing protein [uncultured Lactobacillus sp.],199,199,100%,4.00E-58,23.62,313,WP_294919067.1,N/A,N/A ,,Seems to only have ncKwaB,Bacillota,Lactobacillales
1 member(s) 1 organism(s),firmicutes,Kiwa anti-phage protein KwaB-like domain-containing protein [Oenococcus sp.],199,199,100%,5.00E-58,22.61,313,WP_415624923.1,Yes,Yes,RosmerTA,,Bacillota,Lactobacillales
1 member(s) 1 organism(s),firmicutes,Kiwa anti-phage protein KwaB-like domain-containing protein [Tuberibacillus sp. Marseille-P3662],199,199,100%,5.00E-58,25.97,308,WP_085523862.1,Yes,No,,,Bacillota,Bacillales
7 member(s) 7 organism(s),CFB group bacteria,Kiwa anti-phage protein KwaB-like domain-containing protein [Flavobacterium nitratireducens],199,199,99%,5.00E-58,12.91,339,WP_278035859.1,No,N/A ,,,Bacteroidota,Flavobacteriales
3 member(s) 3 organism(s),CFB group bacteria,Kiwa anti-phage protein KwaB-like domain-containing protein [Segatella oulorum],200,200,99%,5.00E-58,11.93,342,WP_315256500.1,No,N/A ,,,Bacteroidota,Bacteroidales
2 member(s) 2 organism(s),CFB group bacteria,DUF4868 domain-containing protein [Elizabethkingia ursingii],199,199,99%,5.00E-58,12.91,338,WP_260117886.1,No,N/A ,,,Bacteroidota,Flavobacteriales
2 member(s) 2 organism(s),CFB group bacteria,Kiwa anti-phage protein KwaB-like domain-containing protein [Chryseobacterium sp. SORGH_AS_0447],199,199,99%,5.00E-58,12.61,339,WP_307460966.1,No,N/A ,,,Bacteroidota,Flavobacteriales
1 member(s) 1 organism(s),bacteria,MAG: hypothetical protein BBJ57_05995 [Desulfobacterales bacterium PC51MH44],199,199,99%,6.00E-58,16.77,325,OEU63706.1,No,N/A ,,,Thermodesulfobacteriota,Desulfobacterales
1 member(s) 1 organism(s),CFB group bacteria,Kiwa anti-phage protein KwaB-like domain-containing protein [Fluviicola sp.],199,199,99%,6.00E-58,13.33,340,WP_430406293.1,No,N/A ,,,Bacteroidota,Flavobacteriales
1 member(s) 1 organism(s),firmicutes,Kiwa anti-phage protein KwaB-like domain-containing protein [Paenibacillus sp. J45TS6],197,197,99%,1.00E-57,19.22,313,WP_213532056.1,No,N/A ,,,Bacillota,Bacillales
5 member(s) 3 organism(s),g-proteobacteria,Kiwa anti-phage protein KwaB-like domain-containing protein [Aeromonas salmonicida],198,198,99%,1.00E-57,12.58,341,WP_290078026.1,No,N/A ,,,Pseudomonadota,Aeromonadales
1 member(s) 1 organism(s),a-proteobacteria,DUF4868 domain-containing protein [Rickettsiales bacterium],198,198,99%,2.00E-57,14.37,339,MBR09746.1,No,N/A ,,,Pseudomonadota,Rickettsiales
1 member(s) 1 organism(s),GNS bacteria,Kiwa anti-phage protein KwaB-like domain-containing protein [Ktedonobacteraceae bacterium],197,197,92%,3.00E-57,15.28,324,HZS78715.1,No,N/A ,,,Chloroflexota,Ktedonobacterales
1 member(s) 1 organism(s),CFB group bacteria,Kiwa anti-phage protein KwaB-like domain-containing protein [Niabella sp. 22666],197,197,99%,4.00E-57,12.91,338,WP_440752391.1,No,N/A ,,,Bacteroidota,Chitinophagales
2 member(s) 1 organism(s),firmicutes,Kiwa anti-phage protein KwaB-like domain-containing protein [Limosilactobacillus fermentum],196,196,96%,5.00E-57,29.9,308,WP_232804383.1,Yes,No,,,Bacillota,Lactobacillales
1 member(s) 1 organism(s),firmicutes,Kiwa anti-phage protein KwaB-like domain-containing protein [Enterococcus faecalis],194,194,86%,5.00E-57,24.05,261,WP_242427415.1,Yes,No,,,Bacillota,Lactobacillales
2 member(s) 2 organism(s),firmicutes,Kiwa anti-phage protein KwaB-like domain-containing protein [Anaerospora hongkongensis],196,196,99%,6.00E-57,22.88,311,WP_132083731.1,Yes,Yes,DMS other & VSPR & druantia type IV,,Bacillota,Selenomonadales
1 member(s) 1 organism(s),firmicutes,Kiwa anti-phage protein KwaB-like domain-containing protein [Cytobacillus firmus],196,196,99%,6.00E-57,19.61,314,WP_457989355.1,No,N/A ,,,Bacillota,Bacillales
1 member(s) 1 organism(s),GNS bacteria,Kiwa anti-phage protein KwaB-like domain-containing protein [Ktedonobacteraceae bacterium],197,197,96%,6.00E-57,14.71,334,HYK86963.1,No,N/A ,,,Chloroflexota,Ktedonobacterales
1 member(s) 1 organism(s),euryarchaeotes,DUF4868 domain-containing protein [Candidatus Methanoperedens sp.],196,196,99%,8.00E-57,17.1,320,MCZ7359551.1,No,N/A ,,,Methanobacteriota,Methanosarcinales
1 member(s) 1 organism(s),E. coli,Kiwa anti-phage protein KwaB-like domain-containing protein [Escherichia coli],196,196,90%,1.00E-56,13.76,335,MHJ0868187.1,No,N/A ,,ncKwaA broken into two,Pseudomonadota,Enterobacterales
1 member(s) 1 organism(s),firmicutes,Kiwa anti-phage protein KwaB-like domain-containing protein [Megamonas funiformis],193,193,83%,1.00E-56,36.22,255,WP_227153026.1,Yes,Yes,RosmerTA,,Bacillota,Selenomonadales
48 member(s) 2 organism(s),enterobacteria,"Kiwa anti-phage protein KwaB-like domain-containing protein, partial [Escherichia coli]",194,194,81%,1.00E-56,15.75,263,WP_203724039.1,No,N/A ,,,Pseudomonadota,Enterobacterales
1 member(s) 1 organism(s),firmicutes,Kiwa anti-phage protein KwaB-like domain-containing protein [Staphylococcus nepalensis],194,194,100%,1.00E-56,20.27,298,WP_271399738.1,Yes,No,,,Bacillota,Bacillales
1 member(s) 1 organism(s),firmicutes,Kiwa anti-phage protein KwaB-like domain-containing protein [Veillonella tobetsuensis],194,194,99%,2.00E-56,27.72,301,WP_137662151.1,Yes,No,,,Bacillota,Veillonellales
1 member(s) 1 organism(s),GNS bacteria,Kiwa anti-phage protein KwaB-like domain-containing protein [Ktedonobacterales bacterium],195,195,96%,3.00E-56,14.29,332,HEU5342817.1,No,N/A ,,,Chloroflexota,Ktedonobacterales
1 member(s) 1 organism(s),bacteria,DUF4868 domain-containing protein [Salinibacter sp.],194,194,99%,4.00E-56,14.24,317,WP_263819469.1,No,N/A ,,,Rhodothermota,Rhodothermales
1 member(s) 1 organism(s),actinobacteria,Kiwa anti-phage protein KwaB-like domain-containing protein [Baekduia sp.],193,193,89%,5.00E-56,14.03,298,HEY6758305.1,No,N/A ,,,Actinomycetota,Solirubrobacterales
1 member(s) 1 organism(s),firmicutes,Kiwa anti-phage protein KwaB-like domain-containing protein [Mammaliicoccus vitulinus],193,193,99%,9.00E-56,24.43,306,WP_107557123.1,Yes,No,,,Bacillota,Bacillales
1 member(s) 1 organism(s),firmicutes,Kiwa anti-phage protein KwaB-like domain-containing protein [Paenibacillus vini],193,193,99%,9.00E-56,17.86,314,WP_290408433.1,No,N/A ,,,Bacillota,Bacillales
2 member(s) 1 organism(s),firmicutes,Kiwa anti-phage protein KwaB-like domain-containing protein [Lactococcus lactis],192,192,99%,1.00E-55,22.22,304,WP_058220954.1,Yes,No,,,Bacillota,Lactobacillales
1 member(s) 1 organism(s),firmicutes,Kiwa anti-phage protein KwaB-like domain-containing protein [Paenibacillus sp. sgz5001063],192,192,99%,1.00E-55,16.94,314,WP_379156081.1,No,N/A ,,,Bacillota,Bacillales
1 member(s) 1 organism(s),CFB group bacteria,Kiwa anti-phage protein KwaB-like domain-containing protein [Flavobacterium cryoconiti],193,193,99%,1.00E-55,12.91,338,WP_416834547.1,No,N/A ,,,Bacteroidota,Flavobacteriales
2 member(s) 2 organism(s),CFB group bacteria,DUF4868 domain-containing protein [Bacteroidaceae bacterium],194,194,99%,2.00E-55,13.86,354,MBO5922773.1,No,N/A ,,,Bacteroidota,Bacteroidales
4 member(s) 2 organism(s),CFB group bacteria,Kiwa anti-phage protein KwaB-like domain-containing protein [uncultured Bacteroides sp.],193,193,99%,2.00E-55,14.16,348,WP_294472772.1,No,N/A ,,,Bacteroidota,Bacteroidales
2 member(s) 1 organism(s),firmicutes,DUF4868 domain-containing protein [Lachnospiraceae bacterium],192,192,99%,2.00E-55,23.36,310,MDD6657989.1,N/A,N/A ,,Seems to only have ncKwaB,Bacillota,Lachnospirales
1 member(s) 1 organism(s),bacteria,Kiwa anti-phage protein KwaB-like domain-containing protein [Salinibacter ruber],192,192,99%,2.00E-55,15.71,318,WP_259225381.1,No,N/A ,,,Rhodothermota,Rhodothermales
1 member(s) 1 organism(s),GNS bacteria,DUF4868 domain-containing protein [Ktedonobacteraceae bacterium],194,194,99%,2.00E-55,15.95,373,MBO0794807.1,N/A,N/A ,,Seems to only have ncKwaB,Chloroflexota,Ktedonobacterales
3 member(s) 2 organism(s),CFB group bacteria,Kiwa anti-phage protein KwaB-like domain-containing protein [Bacteroides caccae],192,192,99%,2.00E-55,13.41,337,WP_217719383.1,N/A,N/A ,,Seems to only have ncKwaB,Bacteroidota,Bacteroidales
3 member(s) 2 organism(s),firmicutes,Kiwa anti-phage protein KwaB-like domain-containing protein [Lentilactobacillus parabuchneri],191,191,100%,3.00E-55,22.58,307,WP_265170825.1,Yes,No,,,Bacillota,Lactobacillales
2 member(s) 2 organism(s),enterobacteria,DUF4868 domain-containing protein [Klebsiella pneumoniae],189,189,75%,3.00E-55,14.96,244,HBR3618541.1,N/A,N/A ,,Seems to only have ncKwaB,Pseudomonadota,Enterobacterales
1 member(s) 1 organism(s),CFB group bacteria,Kiwa anti-phage protein KwaB-like domain-containing protein [Paludibacter sp.],192,192,99%,4.00E-55,15.32,340,MFA5044783.1,No,N/A ,,,Bacteroidota,Bacteroidales
6 member(s) 3 organism(s),CFB group bacteria,"Kiwa anti-phage protein KwaB-like domain-containing protein, partial [Bacteroides fragilis]",190,190,86%,6.00E-55,13.93,291,WP_032572028.1,N/A,N/A ,,Seems to only have ncKwaB,Bacteroidota,Bacteroidales
3 member(s) 3 organism(s),RNA similarity group I,Kiwa anti-phage protein KwaB-like domain-containing protein [Pseudomonas hunanensis],191,191,99%,7.00E-55,14.2,336,WP_310196729.1,No,N/A ,,,Pseudomonadota,Pseudomonadales
9 member(s) 3 organism(s),CFB group bacteria,DUF4868 domain-containing protein [Segatella copri],191,191,94%,8.00E-55,12.74,325,WP_264967234.1,N/A,N/A ,,Seems to only have ncKwaB,Bacteroidota,Bacteroidales
1 member(s) 1 organism(s),CFB group bacteria,Kiwa anti-phage protein KwaB-like domain-containing protein [Arcicella rosea],191,191,99%,9.00E-55,15.02,341,WP_184134658.1,No,N/A ,,,Bacteroidota,Cytophagales
1 member(s) 1 organism(s),GNS bacteria,DUF4868 domain-containing protein [Ktedonobacteraceae bacterium],191,191,99%,9.00E-55,13.97,350,MBA2677856.1,No,N/A ,,,Chloroflexota,Ktedonobacterales
1 member(s) 1 organism(s),GNS bacteria,hypothetical protein [Ktedonobacter sp.],191,191,99%,1.00E-54,17.98,348,HCI81593.1,No,N/A ,,,Chloroflexota,Ktedonobacterales
1 member(s) 1 organism(s),g-proteobacteria,Kiwa anti-phage protein KwaB-like domain-containing protein [Pseudomonas azotoformans],190,190,99%,1.00E-54,15.22,332,WP_457258644.1,N/A,N/A ,,Seems to only have ncKwaB,Pseudomonadota,Pseudomonadales
1 member(s) 1 organism(s),CFB group bacteria,Kiwa anti-phage protein KwaB-like domain-containing protein [Flavobacterium piscisymbiosum],190,190,99%,2.00E-54,13.81,341,WP_230036002.1,No,N/A ,,,Bacteroidota,Flavobacteriales
1 member(s) 1 organism(s),bacteria,Kiwa anti-phage protein KwaB-like domain-containing protein [bacterium],189,189,97%,2.00E-54,17.88,308,MHB1664800.1,No,N/A ,,,unclassified Bacteria,unclassified Bacteria
3 member(s) 2 organism(s),enterobacteria,"Kiwa anti-phage protein KwaB-like domain-containing protein, partial [Escherichia coli]",187,187,74%,2.00E-54,15.09,241,WP_438791306.1,N/A,N/A ,,Seems to only have ncKwaB,Pseudomonadota,Enterobacterales
3 member(s) 3 organism(s),Bacillus rRNA group 1,MULTISPECIES: Kiwa anti-phage protein KwaB-like domain-containing protein [Bacillus],189,189,99%,2.00E-54,18.57,314,WP_088028276.1,No,N/A ,,,Bacillota,Bacillales
1 member(s) 1 organism(s),bacteria,DUF4868 domain-containing protein [bacterium],190,190,99%,2.00E-54,14.46,342,MFI3297563.1,No,N/A ,,,unclassified Bacteria,unclassified Bacteria
2 member(s) 1 organism(s),firmicutes,Kiwa anti-phage protein KwaB-like domain-containing protein [Enterococcus faecalis],187,187,88%,4.00E-54,21.85,271,WP_431454898.1,N/A,N/A ,,Seems to only have ncKwaB,Bacillota,Lactobacillales
1 member(s) 1 organism(s),bacteria,hypothetical protein GRAN_0028 [Granulicella sibirica],185,185,69%,4.00E-54,18.01,214,RXH56718.1,No,N/A ,,,Acidobacteria,Terriglobales
3 member(s) 3 organism(s),firmicutes,Kiwa anti-phage protein KwaB-like domain-containing protein [Enterococcus mundtii],188,188,99%,5.00E-54,29.08,304,WP_137072301.1,Yes,No,,,Bacillota,Lactobacillales
7 member(s) 1 organism(s),E. coli,Kiwa anti-phage protein KwaB-like domain-containing protein [Escherichia coli],186,186,74%,6.00E-54,15.52,241,WP_249532426.1,No,N/A ,,,Pseudomonadota,Enterobacterales
1 member(s) 1 organism(s),GNS bacteria,Kiwa anti-phage protein KwaB-like domain-containing protein [Ktedonobacteraceae bacterium],187,187,80%,6.00E-54,18.22,265,HEY6542795.1,N/A,N/A ,,Seems to only have ncKwaB,Chloroflexota,Ktedonobacterales
2 member(s) 1 organism(s),CFB group bacteria,Kiwa anti-phage protein KwaB-like domain-containing protein [Muribaculum intestinale],189,189,99%,8.00E-54,13.86,346,WP_237489376.1,No,N/A ,,,Bacteroidota,Bacteroidales
1 member(s) 1 organism(s),bacteria,Kiwa anti-phage protein KwaB-like domain-containing protein [Candidatus Methylomirabilota bacterium],188,188,96%,1.00E-53,14.71,317,HYT44299.1,N/A,N/A ,,Seems to only have ncKwaB,Candidatus Methylomirabilota,unclassified Candidatus Methylomirabilota
2 member(s) 2 organism(s),CFB group bacteria,Kiwa anti-phage protein KwaB-like domain-containing protein [uncultured Duncaniella sp.],187,187,91%,1.00E-53,13.01,302,WP_303030583.1,No,N/A ,,,Bacteroidota,Bacteroidales
1 member(s) 1 organism(s),CFB group bacteria,Kiwa anti-phage protein KwaB-like domain-containing protein [Phocaeicola plebeius],189,189,99%,1.00E-53,12.95,355,WP_337793872.1,No,N/A ,,,Bacteroidota,Bacteroidales
2 member(s) 1 organism(s),CFB group bacteria,Kiwa anti-phage protein KwaB-like domain-containing protein [Flavobacterium psychrophilum],188,188,99%,1.00E-53,14.71,341,WP_094178403.1,No,N/A ,,,Bacteroidota,Flavobacteriales
2 member(s) 2 organism(s),firmicutes,Kiwa anti-phage protein KwaB-like domain-containing protein [Mammaliicoccus sp. H-M34],187,187,99%,2.00E-53,22.77,301,WP_239750438.1,Yes,No,,,Bacillota,Bacillales
7 member(s) 1 organism(s),firmicutes,"Kiwa anti-phage protein KwaB-like domain-containing protein, partial [Listeria monocytogenes]",187,187,99%,2.00E-53,21.36,313,WP_222948589.1,Yes,No,,,Bacillota,Bacillales
1 member(s) 1 organism(s),GNS bacteria,Kiwa anti-phage protein KwaB-like domain-containing protein [Ktedonobacteraceae bacterium],185,185,84%,3.00E-53,15.41,273,MEO6890517.1,N/A,N/A ,,Seems to only have ncKwaB,Chloroflexota,Ktedonobacterales
1 member(s) 1 organism(s),GNS bacteria,DUF4868 domain-containing protein [Ktedonobacteraceae bacterium],187,187,98%,3.00E-53,13.65,350,MBE3560682.1,No,N/A ,,,Chloroflexota,Ktedonobacterales
1 member(s) 1 organism(s),firmicutes,Kiwa anti-phage protein KwaB-like domain-containing protein [Halanaerobacter jeridensis],186,186,99%,4.00E-53,20.13,313,WP_204701615.1,No,N/A ,,,Bacillota,Halanaerobiales
1 member(s) 1 organism(s),firmicutes,Kiwa anti-phage protein KwaB-like domain-containing protein [Intestinibacter bartlettii],182,182,64%,5.00E-53,44.22,203,WP_303395481.1,Yes,Yes,RM type I ,KwaB broken in two,Bacillota,Peptostreptococcales
1 member(s) 1 organism(s),cyanobacteria,DUF4868 domain-containing protein [Synechococcaceae cyanobacterium SM2_3_1],184,184,86%,5.00E-53,16.17,269,NJK64309.1,No,N/A ,,,Cyanobacteriota,Synechococcales
1 member(s) 1 organism(s),g-proteobacteria,Kiwa anti-phage protein KwaB-like domain-containing protein [Shewanella profunda],184,184,83%,5.00E-53,13.41,269,WP_248990452.1,N/A,N/A ,,Seems to only hav ncKwaB,Pseudomonadota,Alteromonadales
1 member(s) 1 organism(s),firmicutes,Kiwa anti-phage protein KwaB-like domain-containing protein [Paenibacillus psychroresistens],185,185,99%,6.00E-53,16.61,314,WP_155698797.1,No,N/A ,,,Bacillota,Bacillales
1 member(s) 1 organism(s),CFB group bacteria,Kiwa anti-phage protein KwaB-like domain-containing protein [Chishuiella sp.],185,185,93%,7.00E-53,11.99,322,WP_313581874.1,No,N/A ,,,Bacteroidota,Flavobacteriales
1 member(s) 1 organism(s),CFB group bacteria,Kiwa anti-phage protein KwaB-like domain-containing protein [Paludibacter sp.],186,186,99%,9.00E-53,14.5,340,MEI7502815.1,No,N/A ,,,Bacteroidota,Bacteroidales
1 member(s) 1 organism(s),GNS bacteria,MAG: DUF4868 domain-containing protein [Chloroflexota bacterium],183,183,62%,9.00E-53,20.63,252,TMF43391.1,No,N/A ,,,Chloroflexota,unclassified Chloroflexota
1 member(s) 1 organism(s),CFB group bacteria,Kiwa anti-phage protein KwaB-like domain-containing protein [Flavobacterium terrigena],185,185,99%,1.00E-52,12.61,338,WP_091309696.1,No,N/A ,,,Bacteroidota,Flavobacteriales
1 member(s) 1 organism(s),,Kiwa anti-phage protein KwaB-like domain-containing protein [Anaerobacillus sp. ABA4_114],184,184,100%,2.00E-52,18.15,316,MHN3015060.1,No,N/A ,,,Bacillota,Bacillales
1 member(s) 1 organism(s),CFB group bacteria,Kiwa anti-phage protein KwaB-like domain-containing protein [Polaribacter sp. AHE13PA],185,185,99%,2.00E-52,13.55,340,WP_218759146.1,No,N/A ,,,Bacteroidota,Flavobacteriales
1 member(s) 1 organism(s),firmicutes,MULTISPECIES: Kiwa anti-phage protein KwaB-like domain-containing protein [unclassified Paenibacillus],184,184,99%,2.00E-52,16.29,314,WP_094876005.1,No,N/A ,,,Bacillota,Bacillales
6 member(s) 6 organism(s),g-proteobacteria,Kiwa anti-phage protein KwaB-like domain-containing protein [Pseudomonas canadensis],184,184,99%,3.00E-52,15.22,331,WP_323623011.1,No,N/A ,,,Pseudomonadota,Pseudomonadales
3 member(s) 2 organism(s),root,DUF4868 domain-containing protein [Mammaliicoccus sciuri],183,183,99%,4.00E-52,25.41,306,WP_262648428.1,Yes,Yes,SoFic,,Bacillota,Bacillales
49 member(s) 2 organism(s),E. coli,"Kiwa anti-phage protein KwaB-like domain-containing protein, partial [Escherichia coli]",181,181,71%,4.00E-52,15.77,231,WP_250318374.1,No,N/A ,,,Pseudomonadota,Enterobacterales
1 member(s) 1 organism(s),firmicutes,Kiwa anti-phage protein KwaB-like domain-containing protein [Paenibacillus sp. MMS18-CY102],183,183,99%,5.00E-52,18.57,314,WP_160394740.1,No,N/A ,,,Bacillota,Bacillales
1 member(s) 1 organism(s),firmicutes,Kiwa anti-phage protein KwaB-like domain-containing protein [Lactococcus cremoris],183,183,83%,6.00E-52,14.86,300,MGO2501466.1,No,N/A ,,,Bacillota,Lactobacillales
1 member(s) 1 organism(s),firmicutes,DUF4868 domain-containing protein [Enterococcus faecalis],180,180,77%,7.00E-52,24.46,232,EGO5859580.1,Yes,No,,,Bacillota,Lactobacillales
1 member(s) 1 organism(s),g-proteobacteria,MULTISPECIES: Kiwa anti-phage protein KwaB-like domain-containing protein [Pseudomonas putida group],184,184,99%,7.00E-52,14.2,337,WP_350025748.1,No,N/A ,,,Pseudomonadota,Pseudomonadales
1 member(s) 1 organism(s),firmicutes,DUF4868 domain-containing protein [Staphylococcus saprophyticus],182,182,99%,8.00E-52,23.86,306,MDW3909743.1,Yes,No,,,Bacillota,Bacillales
1 member(s) 1 organism(s),,Kiwa anti-phage protein KwaB-like domain-containing protein [Salinicoccus sp. CNSTN-B1],182,182,98%,9.00E-52,20.33,312,WP_461045784.1,Yes,No,,,Bacillota,Bacillales
1 member(s) 1 organism(s),GNS bacteria,MAG: hypothetical protein OJF49_001055 [Ktedonobacterales bacterium],184,184,99%,1.00E-51,12.58,386,WIG58310.1,No,N/A ,,,Chloroflexota,Ktedonobacterales
7 member(s) 4 organism(s),firmicutes,Kiwa anti-phage protein KwaB-like domain-containing protein [Staphylococcus epidermidis],181,181,98%,2.00E-51,21.07,296,WP_049315914.1,Yes,No,,,Bacillota,Bacillales
1 member(s) 1 organism(s),firmicutes,Kiwa anti-phage protein KwaB-like domain-containing protein [Thermoanaerobacterium thermosulfurigenes],181,181,99%,3.00E-51,23.62,314,WP_435620107.1,No,N/A ,,,Bacillota,Thermoanaerobacterales
1 member(s) 1 organism(s),bacteria,Kiwa anti-phage protein KwaB-like domain-containing protein [Leptospira terpstrae],181,181,99%,5.00E-51,12.54,331,WP_002974103.1,No,N/A ,,,Spirochaetota,Leptospirales
1 member(s) 1 organism(s),CFB group bacteria,DUF4868 domain-containing protein [Paludibacteraceae bacterium],181,181,99%,8.00E-51,13.9,344,MBQ6724433.1,No,N/A ,,,Bacteroidota,Bacteroidales
1 member(s) 1 organism(s),bacteria,Kiwa anti-phage protein KwaB-like domain-containing protein [Corallococcus coralloides],180,180,91%,8.00E-51,16.43,316,WP_404367878.1,No,N/A ,,,Myxococcota,Myxococcales
1 member(s) 1 organism(s),CFB group bacteria,DUF4868 domain-containing protein [Bacteroidota bacterium],181,181,99%,9.00E-51,13.33,343,MBS1942204.1,No,N/A ,,,Bacteroidota,unclassified Bacteroidota
1 member(s) 1 organism(s),GNS bacteria,Kiwa anti-phage protein KwaB-like domain-containing protein [Ktedonobacteraceae bacterium],178,178,80%,1.00E-50,18.55,261,MGH2481771.1,N/A,N/A ,,,Chloroflexota,Ktedonobacterales
1 member(s) 1 organism(s),CFB group bacteria,DUF4868 domain-containing protein [Bacteroidales bacterium],180,180,91%,1.00E-50,12.71,311,MCC8117224.1,No,N/A ,,,Bacteroidota,Bacteroidales
1 member(s) 1 organism(s),GNS bacteria,Kiwa anti-phage protein KwaB-like domain-containing protein [Dictyobacter vulcani],180,180,96%,1.00E-50,12.79,337,WP_151755977.1,No,N/A ,,,Chloroflexota,Ktedonobacterales
1 member(s) 1 organism(s),CFB group bacteria,Kiwa anti-phage protein KwaB-like domain-containing protein [uncultured Bacteroides sp.],180,180,94%,1.00E-50,13.5,333,WP_288840485.1,No,N/A ,,,Bacteroidota,Bacteroidales
1 member(s) 1 organism(s),,Kiwa anti-phage protein KwaB-like domain-containing protein [Clostridium sp. DL1XJH146],179,179,98%,2.00E-50,27.91,297,WP_461206943.1,Yes,No,,,Bacillota,Eubacteriales
1 member(s) 1 organism(s),firmicutes,Kiwa anti-phage protein KwaB-like domain-containing protein [Macrococcoides canis],179,179,99%,2.00E-50,23.1,301,WP_254253886.1,Yes,Yes,RM type IIG,,Bacillota,Bacillales
2 member(s) 2 organism(s),CFB group bacteria,Kiwa anti-phage protein KwaB-like domain-containing protein [Dysgonomonas mossii],180,180,99%,2.00E-50,16.12,343,WP_006841580.1,No,N/A ,,,Bacteroidota,Bacteroidales
6 member(s) 4 organism(s),firmicutes,Kiwa anti-phage protein KwaB-like domain-containing protein [Staphylococcus coagulans],179,179,99%,3.00E-50,23.45,306,WP_214967758.1,N/A,N/A,,Seems to only have ncKwaB,Bacillota,Bacillales
1 member(s) 1 organism(s),firmicutes,Kiwa anti-phage protein KwaB-like domain-containing protein [Ligilactobacillus animalis],176,176,81%,4.00E-50,23.89,245,WP_136363768.1,Yes,No,,,Bacillota,Lactobacillales
1 member(s) 1 organism(s),a-proteobacteria,Kiwa anti-phage protein KwaB-like domain-containing protein [Brevundimonas nasdae],179,179,95%,4.00E-50,14.67,323,WP_084140270.1,No,N/A ,,,Pseudomonadota,Caulobacterales
1 member(s) 1 organism(s),firmicutes,Kiwa anti-phage protein KwaB-like domain-containing protein [Halanaerobium saccharolyticum],178,178,99%,4.00E-50,20.39,312,WP_133514220.1,No,N/A ,,,Bacillota,Halanaerobiales
2 member(s) 1 organism(s),E. coli,Kiwa anti-phage protein KwaB-like domain-containing protein [Escherichia coli],177,177,84%,4.00E-50,13.52,286,HHU8877061.1,No,N/A,,,Pseudomonadota,Enterobacterales
1 member(s) 1 organism(s),CFB group bacteria,MULTISPECIES: Kiwa anti-phage protein KwaB-like domain-containing protein [Bacteroides],176,176,73%,4.00E-50,13.56,245,WP_249938123.1,N/A,N/A,,Seems to only have ncKwaB,Bacteroidota,Bacteroidales
1 member(s) 1 organism(s),g-proteobacteria,MULTISPECIES: Kiwa anti-phage protein KwaB-like domain-containing protein [Pasteurellaceae],179,179,99%,5.00E-50,13.95,343,WP_211597762.1,No,N/A,,,Pseudomonadota,Pasteurellales
4 member(s) 1 organism(s),actinobacteria,Kiwa anti-phage protein KwaB-like domain-containing protein [Gaiellaceae bacterium],177,177,88%,1.00E-49,15.27,323,MFL6068639.1,No,N/A,,,Actinomycetota,Gaiellales
1 member(s) 1 organism(s),archaea,DUF4868 domain-containing protein [Candidatus Pacearchaeota archaeon],177,177,99%,1.00E-49,19.16,319,MBS3075049.1,N/A,N/A,,Seems to only have ncKwaB,unclassified Candidatus Pacearchaeota,unclassified Candidatus Pacearchaeota
1 member(s) 1 organism(s),CFB group bacteria,Kiwa anti-phage protein KwaB-like domain-containing protein [Phocaeicola massiliensis],176,176,84%,1.00E-49,12.94,286,WP_250804681.1,No,N/A,,,Bacteroidota,Bacteroidales
1 member(s) 1 organism(s),CFB group bacteria,DUF4868 domain-containing protein [Bacteroidales bacterium],177,177,99%,2.00E-49,12.9,315,MDX9694201.1,No,N/A,,,Bacteroidota,Bacteroidales
4 member(s) 3 organism(s),CFB group bacteria,DUF4868 domain-containing protein [Bacteroidota bacterium],177,177,100%,2.00E-49,16.4,322,NLN25470.1,No,N/A,,,Bacteroidota,unclassified Bacteroidota
1 member(s) 1 organism(s),firmicutes,Kiwa anti-phage protein KwaB-like domain-containing protein [Clostridioides difficile],173,173,67%,2.00E-49,34.47,205,WP_236877474.1,Yes,No,,,Bacillota,Peptostreptococcales
1 member(s) 1 organism(s),bacteria,Kiwa anti-phage protein KwaB-like domain-containing protein [Nitrospiraceae bacterium],176,176,90%,3.00E-49,15.58,315,HET8579744.1,No,N/A,,,Nitrospiriota,Nitrospirales
1 member(s) 1 organism(s),CFB group bacteria,Kiwa anti-phage protein KwaB-like domain-containing protein [Marivirga atlantica],177,177,99%,3.00E-49,14.11,339,WP_201918534.1,No,N/A,,,Bacteroidota,Cytophagales
1 member(s) 1 organism(s),CFB group bacteria,Kiwa anti-phage protein KwaB-like domain-containing protein [Paraflavisolibacter caeni],177,177,99%,3.00E-49,10.27,336,WP_279296763.1,No,N/A,,,Bacteroidota,Chitinophagales
1 member(s) 1 organism(s),CFB group bacteria,Kiwa anti-phage protein KwaB-like domain-containing protein [Segatella sp.],175,175,88%,4.00E-49,12.54,305,WP_418639897.1,No,N/A,,,Bacteroidota,Bacteroidales
1 member(s) 1 organism(s),actinobacteria,Kiwa anti-phage protein KwaB-like domain-containing protein [Actinomycetota bacterium],172,172,65%,4.00E-49,19.7,204,MGH2702474.1,N/A,N/A,,Seems to only have ncKwaB,Actinomycetota,unclassified Actinomycetota
2 member(s) 1 organism(s),firmicutes,Kiwa anti-phage protein KwaB-like domain-containing protein [Tumebacillus avium],175,175,92%,4.00E-49,18.86,306,WP_157722055.1,N/A,N/A,,Seems to only have ncKwaB,Bacillota,Bacillales
1 member(s) 1 organism(s),firmicutes,hypothetical protein LSPH26S_01838 [Lysinibacillus sphaericus],175,175,84%,4.00E-49,22.31,287,CAM5194004.1,Yes,No,,ncKwaA broken into two,Bacillota,Bacillales
1 member(s) 1 organism(s),firmicutes,DUF4868 domain-containing protein [Clostridium felsineum],175,175,98%,4.00E-49,26.25,297,WP_257675716.1,Yes,No,,,Bacillota,Eubacteriales
1 member(s) 1 organism(s),bacteria,DUF4868 domain-containing protein [Armatimonadota bacterium],173,173,68%,4.00E-49,17.79,221,MDQ3815238.1,N/A,N/A,,Seems to only have ncKwaB,Armatimonadota,unclassified Armatimonadota
1 member(s) 1 organism(s),bacteria,DUF4868 domain-containing protein [Nitrospirota bacterium],172,172,66%,4.00E-49,19.5,215,MDP2754567.1,N/A,N/A,,Seems to only have ncKwaB,Nitrospiriota,unclassified Nitrospirota
8 member(s) 8 organism(s),RNA similarity group I,Kiwa anti-phage protein KwaB-like domain-containing protein [Pseudomonas sp. Eqa60],176,176,99%,6.00E-49,14.24,336,WP_212805943.1,No,N/A,,,Pseudomonadota,Pseudomonadales
1 member(s) 1 organism(s),firmicutes,Kiwa anti-phage protein KwaB-like domain-containing protein [Clostridium grantii],175,175,98%,7.00E-49,24.92,297,WP_073336541.1,Yes,No,,,Bacillota,Eubacteriales
1 member(s) 1 organism(s),high G+C Gram-positive bacteria,Kiwa anti-phage protein KwaB-like domain-containing protein [Plantibacter sp. VKM Ac-2885],175,175,98%,8.00E-49,13.03,326,WP_194645369.1,No,N/A,,,Actinomycetota,Micrococcales
1 member(s) 1 organism(s),firmicutes,Kiwa anti-phage protein KwaB-like domain-containing protein [Fructilactobacillus ixorae],175,175,99%,8.00E-49,24.34,303,WP_252780571.1,Yes,No,,,Bacillota,Lactobacillales
1 member(s) 1 organism(s),firmicutes,Kiwa anti-phage protein KwaB-like domain-containing protein [Enterococcus entomosocium],175,175,100%,8.00E-49,16.61,315,WP_301405349.1,Yes,No,,,Bacillota,Lactobacillales
1 member(s) 1 organism(s),bacteria,DUF4868 domain-containing protein [Candidatus Delongbacteria bacterium],175,175,100%,9.00E-49,15.97,314,MDA3885885.1,No,N/A,,,Candidatus Delongiibacteriota,unclassified Candidatus Delongiibacteriota
1 member(s) 1 organism(s),GNS bacteria,Kiwa anti-phage protein KwaB-like domain-containing protein [Ktedonobacteraceae bacterium],175,175,97%,1.00E-48,13.08,340,MHH6887252.1,No,N/A,,,Chloroflexota,Ktedonobacterales
1 member(s) 1 organism(s),GNS bacteria,Kiwa anti-phage protein KwaB-like domain-containing protein [Ktedonobacteraceae bacterium],170,170,60%,1.00E-48,24.86,188,HEV7236148.1,N/A,N/A,,Seems to only have ncKwaB,Chloroflexota,Ktedonobacterales
3 member(s) 2 organism(s),firmicutes,Kiwa anti-phage protein KwaB-like domain-containing protein [Lacticaseibacillus paracasei],174,174,99%,1.00E-48,22.9,311,WP_123156374.1,Yes,No,,,Bacillota,Lactobacillales
1 member(s) 1 organism(s),firmicutes,DUF4868 domain-containing protein [Staphylococcus ureilyticus],174,174,98%,1.00E-48,19.73,296,WP_262561844.1,Yes,No,,,Bacillota,Bacillales
1 member(s) 1 organism(s),actinobacteria,DUF4868 domain-containing protein [Actinomycetota bacterium],175,175,99%,1.00E-48,18.27,321,MCB9012006.1,N/A,N/A,,Seems to only have ncKwaB,Actinomycetota,unclassified Actinomycetota
1 member(s) 1 organism(s),bacteria,DUF4868 domain-containing protein [Deltaproteobacteria bacterium],174,174,100%,2.00E-48,16.19,316,MDA3918589.1,No,N/A ,,,Myxococcota,unclassified Myxococcia
1 member(s) 1 organism(s),CFB group bacteria,Kiwa anti-phage protein KwaB-like domain-containing protein [Marivirga arenosa],175,175,99%,2.00E-48,13.6,339,WP_322348282.1,No,N/A,,,Bacteroidota,Cytophagales
3 member(s) 2 organism(s),firmicutes,Kiwa anti-phage protein KwaB-like domain-containing protein [Limosilactobacillus mucosae],174,174,100%,2.00E-48,26.06,308,WP_143112915.1,Yes,No,,,Bacillota,Lactobacillales
1 member(s) 1 organism(s),Staphylococcus group,MULTISPECIES: Kiwa anti-phage protein KwaB-like domain-containing protein [Staphylococcaceae],173,173,100%,3.00E-48,21.31,301,WP_069826398.1,Yes,Yes,RM type IIG & DMS other,,Bacillota,Bacillales
1 member(s) 1 organism(s),firmicutes,Kiwa anti-phage protein KwaB-like domain-containing protein [Lacticaseibacillus suilingensis],170,170,72%,3.00E-48,30.14,222,WP_204119870.1,Yes,No,,,Bacillota,Lactobacillales
4 member(s) 1 organism(s),firmicutes,Kiwa anti-phage protein KwaB-like domain-containing protein [Listeria booriae],173,173,99%,3.00E-48,20.06,310,WP_185402557.1,Yes,No,,,Bacillota,Bacillales
3 member(s) 3 organism(s),CFB group bacteria,Kiwa anti-phage protein KwaB-like domain-containing protein [Arenibacter nanhaiticus],174,174,100%,4.00E-48,15.46,322,WP_072766057.1,No,N/A,,,Bacteroidota,Flavobacteriales
1 member(s) 1 organism(s),firmicutes,Kiwa anti-phage protein KwaB-like domain-containing protein [Sporolactobacillus vineae],171,171,80%,4.00E-48,27.13,245,WP_010632859.1,Yes,No,,,Bacillota,Bacillales
1 member(s) 1 organism(s),firmicutes,Kiwa anti-phage protein KwaB-like domain-containing protein [Peptostreptococcaceae bacterium],172,172,98%,4.00E-48,22.19,298,MGL5692886.1,Yes,Yes,DMS other & PDC-M08,,Bacillota,Peptostreptococcales
1 member(s) 1 organism(s),firmicutes,Kiwa anti-phage protein KwaB-like domain-containing protein [Desulfosporosinus sp. SYSU MS00001],173,173,99%,5.00E-48,15.16,315,WP_426381306.1,No,N/A,,,Bacillota,Eubacteriales
7 member(s) 3 organism(s),firmicutes,Kiwa anti-phage protein KwaB-like domain-containing protein [Enterococcus faecium],172,172,100%,8.00E-48,15.34,315,WP_073463283.1,Yes,No,,,Bacillota,Lactobacillales
1 member(s) 1 organism(s),archaea,DUF4868 domain-containing protein [Nitrososphaerota archaeon],173,173,99%,8.00E-48,13.51,345,MCL5068846.1,No,N/A,,,Nitrososphaerota,unclassified Nitrososphaerota
1 member(s) 1 organism(s),firmicutes,Kiwa anti-phage protein KwaB-like domain-containing protein [Mammaliicoccus sciuri],172,172,98%,9.00E-48,19.67,297,WP_217843797.1,Yes,No,,,Bacillota,Bacillales
1 member(s) 1 organism(s),firmicutes,DUF4868 domain-containing protein [Listeria monocytogenes],171,171,90%,9.00E-48,22.1,278,EDN7395587.1,Yes,No,,,Bacillota,Bacillales
1 member(s) 1 organism(s),firmicutes,Kiwa anti-phage protein KwaB-like domain-containing protein [Veillonella caviae],171,171,83%,1.00E-47,36.36,267,WP_321062287.1,Yes,No,,,Bacillota,Veillonellales
1 member(s) 1 organism(s),high G+C Gram-positive bacteria,Kiwa anti-phage protein KwaB-like domain-containing protein [Jatrophihabitans sp.],172,172,91%,1.00E-47,12.68,324,HZC73387.1,No,N/A,,,Actinomycetota,Jatrophihabitantales
1 member(s) 1 organism(s),archaea,DUF4868 domain-containing protein [Nanobdellota archaeon],172,172,99%,2.00E-47,16.67,319,MBU1198880.1,No,N/A,,,Nanobdellota,unclassified Nanobdellota
1 member(s) 1 organism(s),viruses,hypothetical protein PSEJRHND_CDS0087 [Mammaliicoccus phage phi6223],169,169,80%,2.00E-47,28.16,246,XVB83216.1,Yes,No,,,unclassified bacterial viruses,unclassified bacterial viruses
3 member(s) 2 organism(s),firmicutes,Kiwa anti-phage protein KwaB-like domain-containing protein [Limosilactobacillus reuteri],171,171,100%,2.00E-47,25.73,307,WP_094542324.1,Yes,No,,,Bacillota,Lactobacillales
3 member(s) 2 organism(s),high G+C Gram-positive bacteria,hypothetical protein [Jatrophihabitans sp.],172,172,90%,2.00E-47,10.28,325,MCW2596039.1,No,N/A,,,Actinomycetota,Jatrophihabitantales
1 member(s) 1 organism(s),firmicutes,Kiwa anti-phage protein KwaB-like domain-containing protein [Enterococcus xiangfangensis],172,172,99%,2.00E-47,18.47,317,WP_311829265.1,Yes,No,,,Bacillota,Lactobacillales
1 member(s) 1 organism(s),firmicutes,Kiwa anti-phage protein KwaB-like domain-containing protein [Listeria seeligeri],170,170,93%,2.00E-47,20.98,287,WP_270995648.1,Yes,No,,,Bacillota,Bacillales
2 member(s) 1 organism(s),firmicutes,Kiwa anti-phage protein KwaB-like domain-containing protein [Listeria booriae],171,171,99%,2.00E-47,22.83,308,WP_185407359.1,Yes,No,,,Bacillota,Bacillales
1 member(s) 1 organism(s),actinobacteria,DUF4868 domain-containing protein [Actinomycetota bacterium],171,171,96%,2.00E-47,14.09,319,MDP8929564.1,No,N/A,,,Actinomycetota,unclassified Actinomycetota
1 member(s) 1 organism(s),actinobacteria,Kiwa anti-phage protein KwaB-like domain-containing protein [Actinomycetota bacterium],172,172,89%,2.00E-47,11.51,333,MFZ5848880.1,No,N/A,,,Actinomycetota,unclassified Actinomycetota
1 member(s) 1 organism(s),firmicutes,"Kiwa anti-phage protein KwaB-like domain-containing protein, partial [Limosilactobacillus reuteri]",169,169,82%,3.00E-47,24.22,252,WP_136001771.1,N/A,N/A,,Seems to only have ncKwaB,Bacillota,Lactobacillales
1 member(s) 1 organism(s),firmicutes,Kiwa anti-phage protein KwaB-like domain-containing protein [Ruminococcus sp.],170,170,71%,4.00E-47,25.35,297,MFR4333831.1,N/A,N/A ,,Seems to only have ncKwaB,Bacillota,Eubacteriales
1 member(s) 1 organism(s),firmicutes,Kiwa anti-phage protein KwaB-like domain-containing protein [Paraclostridium sordellii],170,170,98%,4.00E-47,24.92,296,WP_197096609.1,Yes,No,,,Bacillota,Peptostreptococcales
1 member(s) 1 organism(s),bacteria,Kiwa anti-phage protein KwaB-like domain-containing protein [Thermoanaerobaculia bacterium],171,171,92%,4.00E-47,15.62,322,HKI85431.1,No,N/A,,,Thermoanaerobaculia,unclassified Thermoanaerobaculia
1 member(s) 1 organism(s),bacteria,Kiwa anti-phage protein KwaB-like domain-containing protein [Aridibacter sp.],170,170,95%,4.00E-47,17.45,319,MGI8545706.1,No,N/A,,,Acidobacteria,Blastocatellales
1 member(s) 1 organism(s),firmicutes,DUF4868 domain-containing protein [Staphylococcus aureus],170,170,98%,4.00E-47,18.73,296,QOY78898.1,Yes,No,,,Bacillota,Bacillales
1 member(s) 1 organism(s),firmicutes,Kiwa anti-phage protein KwaB-like domain-containing protein [Clostridium nigeriense],170,170,98%,6.00E-47,24.92,297,WP_066895642.1,Yes,No,,,Bacillota,Eubacteriales
1 member(s) 1 organism(s),firmicutes,Kiwa anti-phage protein KwaB-like domain-containing protein [Ligilactobacillus salivarius],170,170,100%,6.00E-47,27.04,308,WP_147768785.1,Yes,No,,,Bacillota,Lactobacillales
1 member(s) 1 organism(s),euryarchaeotes,hypothetical protein INNEFFPN_00039 [Candidatus Methanophaga sp. ANME-1 ERB7],170,170,99%,7.00E-47,19.87,305,QNO56280.1,No,N/A,,,Methanobacteriota,Candidatus Methanophagales
1 member(s) 1 organism(s),firmicutes,DUF4868 domain-containing protein [Listeria monocytogenes],170,170,99%,8.00E-47,22.93,308,EJA0855064.1,Yes,No,,,Bacillota,Bacillales
2 member(s) 1 organism(s),high G+C Gram-positive bacteria,Kiwa anti-phage protein KwaB-like domain-containing protein [Nocardioides sp. GY 10127],169,169,91%,1E-46+M443,10.56,312,WP_168929819.1,No,N/A,,,Actinomycetota,Propionibacteriales
20 member(s) 1 organism(s),E. coli,"Kiwa anti-phage protein KwaB-like domain-containing protein, partial [Escherichia coli]",168,168,81%,1.00E-46,13.33,275,WP_312701051.1,No,N/A,,,Pseudomonadota,Enterobacterales
1 member(s) 1 organism(s),firmicutes,Kiwa anti-phage protein KwaB-like domain-containing protein [Enterococcus malodoratus],169,169,99%,1.00E-46,19.05,317,WP_177184023.1,Yes,No,,,Bacillota,Lactobacillales
2 member(s) 1 organism(s),firmicutes,Kiwa anti-phage protein KwaB-like domain-containing protein [Listeria aquatica],169,169,99%,2.00E-46,24.12,308,WP_345818601.1,Yes,No,,,Bacillota,Bacillales
1 member(s) 1 organism(s),CFB group bacteria,"Kiwa anti-phage protein KwaB-like domain-containing protein, partial [Bacteroides caccae]",167,167,79%,2.00E-46,14.62,262,WP_349900015.1,N/A,N/A,,Seems to only have ncKwaB,Bacteroidota,Bacteroidales
3 member(s) 1 organism(s),firmicutes,"DUF4868 domain-containing protein, partial [Clostridioides difficile]",165,165,62%,2.00E-46,43.09,192,WP_131076604.1,Yes,No,,,Bacillota,Peptostreptococcales
1 member(s) 1 organism(s),bacteria,DUF4868 domain-containing protein [bacterium],169,169,100%,3.00E-46,16.83,316,MBK9096838.1,No,N/A,,,unclassified Bacteria,unclassified Bacteria
3 member(s) 2 organism(s),firmicutes,Kiwa anti-phage protein KwaB-like domain-containing protein [Enterococcus faecalis],169,169,99%,3.00E-46,16.19,317,WP_002396892.1,Yes,No,,,Bacillota,Lactobacillales
1 member(s) 1 organism(s),firmicutes,Kiwa anti-phage protein KwaB-like domain-containing protein [Exiguobacterium sp. Leaf187],168,168,99%,3.00E-46,23.55,306,WP_055968546.1,Yes,No,,,Bacillota,Bacillales
1 member(s) 1 organism(s),viruses,MAG TPA: protein of unknown function (DUF4868) [Caudoviricetes sp.],168,168,98%,4.00E-46,25.5,307,DAZ24454.1,Yes,N/A ,,DUF722 beside,Uroviricota,Caudovirales
1 member(s) 1 organism(s),firmicutes,MULTISPECIES: Kiwa anti-phage protein KwaB-like domain-containing protein [Enterococcus],168,168,99%,6.00E-46,16.51,317,WP_311815380.1,Yes,No,,,Bacillota,Lactobacillales
1 member(s) 1 organism(s),high G+C Gram-positive bacteria,hypothetical protein [Pseudonocardiales bacterium],168,168,91%,6.00E-46,13.07,325,MDT4923665.1,No,N/A,,,Actinomycetota,Pseudonocardiales
1 member(s) 1 organism(s),actinobacteria,Kiwa anti-phage protein KwaB-like domain-containing protein [Thermoleophilaceae bacterium],168,168,99%,6.00E-46,16.18,318,MEX2197070.1,No,N/A,,,Actinomycetota,Thermoleophilales
5 member(s) 2 organism(s),firmicutes,MULTISPECIES: Kiwa anti-phage protein KwaB-like domain-containing protein [Enterococcus],167,167,99%,6.00E-46,16.67,315,WP_002409782.1,Yes,No,,,Bacillota,Lactobacillales
1 member(s) 1 organism(s),firmicutes,"Kiwa anti-phage protein KwaB-like domain-containing protein, partial [uncultured Secundilactobacillus sp.]",167,167,100%,9.00E-46,22.01,306,WP_288531553.1,Yes,No,,,Bacillota,Lactobacillales
1 member(s) 1 organism(s),GNS bacteria,DUF4868 domain-containing protein [Ktedonobacterales bacterium],163,163,63%,1.00E-45,21.24,200,MBA3826339.1,N/A,N/A,,Seems to only have ncKwaB,Chloroflexota,Ktedonobacterales
1 member(s) 1 organism(s),Bacillus rRNA group 1,MULTISPECIES: Kiwa anti-phage protein KwaB-like domain-containing protein [Bacillus],167,167,95%,1.00E-45,17.61,319,WP_075396486.1,No,N/A,,,Bacillota,Bacillales
1 member(s) 1 organism(s),euryarchaeotes,MAG: DUF4868 domain-containing protein [Methanosarcinales archaeon],167,167,98%,2.00E-45,18.15,314,RZN35454.1,N/A,N/A,,Seems to only have ncKwaB,Methanobacteriota,Methanosarcinales
1 member(s) 1 organism(s),archaea,DUF4868 domain-containing protein [Nanobdellota archaeon],166,166,97%,3.00E-45,15.79,317,MDP3918780.1,No,N/A,,,Nanobdellota,unclassified Nanobdellota
1 member(s) 1 organism(s),g-proteobacteria,DUF4868 domain-containing protein [Shewanella morhuae],162,162,64%,3.00E-45,15.84,211,WP_259650300.1,N/A,N/A,,Seems to only have ncKwaB,Pseudomonadota,Alteromonadales
1 member(s) 1 organism(s),firmicutes,Kiwa anti-phage protein KwaB-like domain-containing protein [Ligilactobacillus agilis],165,165,98%,4.00E-45,26.07,297,WP_270828670.1,Yes,No,,,Bacillota,Lactobacillales
1 member(s) 1 organism(s),bacteria,MAG: DUF4868 domain-containing protein [Ignavibacteriota bacterium],166,166,94%,4.00E-45,14.75,335,RPI16909.1,No,N/A,,,Ignavibacteriota,unclassified Ignavibacteriota
3 member(s) 2 organism(s),CFB group bacteria,Kiwa anti-phage protein KwaB-like domain-containing protein [Bacteroides fragilis],162,162,74%,1.00E-44,13.87,250,MFK1876366.1,No,N/A,,,Bacteroidota,Bacteroidales
12 member(s) 1 organism(s),firmicutes,"Kiwa anti-phage protein KwaB-like domain-containing protein, partial [Enterococcus faecalis]",160,160,60%,1.00E-44,29.83,181,WP_143343970.1,No,N/A,,,Bacillota,Lactobacillales
1 member(s) 1 organism(s),firmicutes,Kiwa anti-phage protein KwaB-like domain-containing protein [Liquorilactobacillus nagelii],161,161,73%,1.00E-44,27.93,230,WP_278749892.1,Yes,No,,,Bacillota,Lactobacillales
1 member(s) 1 organism(s),GNS bacteria,MAG: hypothetical protein NVSMB38_38900 [Ktedonobacteraceae bacterium],164,164,96%,2.00E-44,13.52,344,GAC1356951.1,No,N/A,,,Chloroflexota,Ktedonobacterales
1 member(s) 1 organism(s),actinobacteria,DUF4868 domain-containing protein [Actinomycetota bacterium],164,164,91%,2.00E-44,10.49,339,MBV9593547.1,No,N/A,,,Actinomycetota,unclassified Actinomycetota
8 member(s) 2 organism(s),firmicutes,MULTISPECIES: Kiwa anti-phage protein KwaB-like domain-containing protein [Staphylococcus],163,163,98%,2.00E-44,18.67,298,WP_153934806.1,Yes,No,,,Bacillota,Bacillales
1 member(s) 1 organism(s),actinobacteria,DUF4868 domain-containing protein [Microthrixaceae bacterium],163,163,94%,2.00E-44,12.59,299,HMR94735.1,No,N/A,,,Actinomycetota,Acidimicrobiales
2 member(s) 2 organism(s),firmicutes,MULTISPECIES: Kiwa anti-phage protein KwaB-like domain-containing protein [Staphylococcus],163,163,98%,3.00E-44,19.67,297,WP_390332386.1,Yes,No,,,Bacillota,Bacillales
2 member(s) 2 organism(s),Bacillus rRNA group 1,MULTISPECIES: Kiwa anti-phage protein KwaB-like domain-containing protein [Bacillus],162,162,94%,4.00E-44,16.78,305,WP_046198547.1,Yes,Yes,PDC-M62,,Bacillota,Bacillales
3 member(s) 2 organism(s),high G+C Gram-positive bacteria,hypothetical protein [Pseudonocardiales bacterium],163,163,89%,5.00E-44,12.19,329,MDQ1753014.1,No,N/A,,,Actinomycetota,Pseudonocardiales
1 member(s) 1 organism(s),g-proteobacteria,"Kiwa anti-phage protein KwaB-like domain-containing protein, partial [Aeromonas australiensis]",160,160,68%,5.00E-44,15.02,223,WP_235466407.1,N/A,N/A,,Seems to only have ncKwaB,Pseudomonadota,Aeromonadales
1 member(s) 1 organism(s),euryarchaeotes,DUF4868 domain-containing protein [Methanomicrobiales archaeon],162,162,98%,5.00E-44,17.03,317,MDI6719552.1,No,N/A,,,Methanobacteriota,Methanomicrobiales
1 member(s) 1 organism(s),bacteria,Kiwa anti-phage protein KwaB-like domain-containing protein [Desulfobacula sp.],162,162,100%,6.00E-44,16.51,315,WP_413847681.1,No,N/A,,,Thermodesulfobacteriota,Desulfobacterales
1 member(s) 1 organism(s),CFB group bacteria,DUF4868 domain-containing protein [Bacteroidales bacterium],163,163,99%,7.00E-44,12.5,344,MCQ2960392.1,No,N/A,,,Bacteroidota,Bacteroidales
1 member(s) 1 organism(s),euryarchaeotes,DUF4868 domain-containing protein [Methanobacteriota archaeon],162,162,96%,7.00E-44,14.84,318,MBU4536014.1,No,N/A,,,Methanobacteriota,unclassified Methanobacteriota
1 member(s) 1 organism(s),E. coli,Kiwa anti-phage protein KwaB-like domain-containing protein [Escherichia coli],159,159,71%,7.00E-44,14.73,223,HFM4575465.1,N/A,N/A,,Seems to only have ncKwaB,Pseudomonadota,Enterobacterales
1 member(s) 1 organism(s),CFB group bacteria,"Kiwa anti-phage protein KwaB-like domain-containing protein, partial [Myroides sp. LoEW2-1]",161,161,88%,1.00E-43,14.09,299,WP_160339665.1,N/A,N/A,,Seems to only have ncKwaB,Bacteroidota,Flavobacteriales
1 member(s) 1 organism(s),firmicutes,Kiwa anti-phage protein KwaB-like domain-containing protein [Sarcina sp.],161,161,97%,2.00E-43,23.57,298,MGL4739753.1,Yes,No,,,Bacillota,Eubacteriales
1 member(s) 1 organism(s),CFB group bacteria,Kiwa anti-phage protein KwaB-like domain-containing protein [Lutibacter sp. A64],161,161,99%,3.00E-43,15.11,339,WP_240244858.1,No,N/A,,,Bacteroidota,Flavobacteriales
1 member(s) 1 organism(s),g-proteobacteria,DUF4868 domain-containing protein [Gammaproteobacteria bacterium],156,156,55%,3.00E-43,20,171,HFD87405.1,N/A,N/A ,,Seems to only have ncKwaB,Pseudomonadota,unclassified Gammaproteobacteria
1 member(s) 1 organism(s),firmicutes,"Kiwa anti-phage protein KwaB-like domain-containing protein, partial [Lysinibacillus sphaericus]",156,156,56%,3.00E-43,33.14,173,WP_328031172.1,N/A,N/A ,,Seems to only have ncKwaB,Bacillota,Bacillales
1 member(s) 1 organism(s),firmicutes,DUF4868 domain-containing protein [Enterococcus faecalis],159,159,89%,6.00E-43,15.64,281,HDT8003688.1,Yes,No,,,Bacillota,Lactobacillales
1 member(s) 1 organism(s),firmicutes,Kiwa anti-phage protein KwaB-like domain-containing protein [Peptostreptococcus russellii],159,159,100%,6.00E-43,24.34,294,WP_180366767.1,Yes,No,,,Bacillota,Peptostreptococcales
1 member(s) 1 organism(s),firmicutes,Kiwa anti-phage protein KwaB-like domain-containing protein [Carnobacterium divergens],159,159,99%,7.00E-43,17.57,314,WP_135019079.1,Yes,No,,,Bacillota,Lactobacillales
2 member(s) 1 organism(s),euryarchaeotes,MAG: hypothetical protein SBU_000989 [Candidatus Syntropharchaeum butanivorans],159,159,98%,1.00E-42,21.94,309,OFV66052.1,N/A,N/A,,Seems to only have ncKwaB,Halobacteriota,Candidatus Syntropharchaeales
1 member(s) 1 organism(s),actinobacteria,DUF4868 domain-containing protein [Actinomycetota bacterium],159,159,93%,2.00E-42,15.81,331,MDP9404214.1,No,N/A,,,Actinomycetota,unclassified Actinomycetota
1 member(s) 1 organism(s),firmicutes,Kiwa anti-phage protein KwaB-like domain-containing protein [Lysinibacillus sp. NPDC093197],158,158,99%,3.00E-42,16.01,308,WP_401019923.1,Yes,Yes,PDC-S14 & RM type I & DRT class II & PDC-S41,,Bacillota,Bacillales
13 member(s) 5 organism(s),firmicutes,Kiwa anti-phage protein KwaB-like domain-containing protein [Enterococcus faecium],158,158,100%,4.00E-42,17.2,314,WP_113850542.1,Yes,No,,,Bacillota,Lactobacillales
1 member(s) 1 organism(s),high G+C Gram-positive bacteria,Kiwa anti-phage protein KwaB-like domain-containing protein [Mycobacterium paraintracellulare],158,158,88%,6.00E-42,11.64,330,WP_202284831.1,No,N/A,,,Actinomycetota,Mycobacteriales
1 member(s) 1 organism(s),firmicutes,putative uncharacterized protein [Intestinibacter bartlettii CAG:1329],152,152,53%,7.00E-42,45.34,164,CDA09747.1,Yes,Yes,RM type I ,ncKwaB broken into two,Bacillota,Peptostreptococcales
1 member(s) 1 organism(s),CFB group bacteria,DUF4868 domain-containing protein [Mediterranea sp. (in: CFB group bacteria)],157,157,89%,8.00E-42,17.09,315,MDR0658661.1,No,N/A,,,Bacteroidota,Bacteroidales
,,,,,,,,,,,,,,,
,,,,,,,,,,,,,,,
,,,,,,,,,,,,,,,
,,,,,,,,,,,,,,,
"		",,,,,,,,,,,,,,,